Symbol,Description,Price,Price - Currency,Price Change % 1 day,Volume 1 day,Relative Volume 1 day,Market capitalization,Market capitalization - Currency,Price to earnings ratio,"EPS diluted, Trailing 12 months","EPS diluted, Trailing 12 months - Currency","EPS diluted growth %, TTM YoY","Dividend yield %, Trailing 12 months",Sector,Analyst Rating,Technical Rating 4 hours,Industry
WYNN,"Wynn Resorts, Limited",81.17,USD,-1.5524560339599769,1862280,1.0327163826911037,8913681070,USD,9.807759693575477,8.2761,USD,11981.897810218976,1.23198,Consumer services,Strong buy,Strong sell,Casinos/Gaming
SCEYF,Source Energy Services Ltd.,11.23,USD,2.650822669104213,100,0.021716941385975203,152110964.52846617,USD,1.2126073741289114,9.26103555,USD,7877.945042240046,0,Non-energy minerals,Buy,Buy,Construction materials
AIRJ,AirJoule Technologies Corporation,8.46,USD,-4.514672686230233,85631,0.7973774289790186,472433156.99999994,USD,1.6797045626017553,5.0366,USD,6195.75,0,Producer manufacturing,Strong buy,Sell,Electrical products
IIM,Invesco Value Municipal Income Trust,11.96,USD,-0.49916805324458174,168653,0.6263464910179463,562938000,USD,10.250257113472745,1.1668,USD,5647.783251231528,5.43646,Miscellaneous,Neutral,Sell,Investment trusts/Mutual funds
VKQ,Invesco Municipal Trust,9.77,USD,0,152062,0.6914140472607069,540628000,USD,10.156980975153342,0.9619,USD,4909.895833333334,5.2999,Miscellaneous,Neutral,Sell,Investment trusts/Mutual funds
MFM,MFS Municipal Income Trust,5.41,USD,0.7448789571694606,139530,1.034008221376914,222825000,USD,4.769040902679831,1.1344,USD,3922.6950354609935,4.45471,Miscellaneous,Neutral,Neutral,Investment trusts/Mutual funds
KSKGF,Kingsgate Consolidated Ltd.,0.81,USD,1.250000000000001,4885,0.5791345583876705,208778868.68441063,USD,1.5830139553819895,0.51168216,USD,3666.134958487899,0,Non-energy minerals,Strong buy,Sell,Precious metals
NMZ,Nuveen Municipal High Income Opportunity Fund,11.03,USD,0.6386861313868476,361277,0.8085993174476985,1219250000,USD,4.722353041914629,2.3357,USD,3460.518292682927,5.80236,Miscellaneous,Neutral,Buy,Investment trusts/Mutual funds
LAAC,Lithium Americas (Argentina) Corp.,2.98,USD,-2.9315960912052073,1078258,0.8601596243389903,482549098.27842236,USD,0.3799592454438306,7.84294641,USD,3327.0599980799943,0,Non-energy minerals,Buy,Buy,Other metals/Minerals
PPC,Pilgrim's Pride Corporation,45.94,USD,1.345687182881093,649446,0.698888744448242,10893433149,USD,11.084035032692352,4.1447,USD,3032.804232804233,0,Process industries,Neutral,Sell,Agricultural commodities/Milling
ADT,ADT Inc.,7.03,USD,0.42857142857143216,4957614,0.925979317114222,5991450264,USD,7.653783342406097,0.9185,USD,2717.4846625766877,3.12945,Commercial services,Buy,Neutral,Miscellaneous commercial services
GAP,"Gap, Inc. (The)",23.81,USD,0.21043771043769846,3463448,0.998166009935525,8979271933,USD,11.067212047968763,2.1514,USD,2015.4375614552605,2.51995,Retail trade,Buy,Sell,Apparel/Footwear retail
NVG,Nuveen AMT-Free Municipal Credit Income Fund,12.33,USD,0.24390243902438505,416269,0.40120163198964953,2632730000,USD,4.7381162817507585,2.6023,USD,1936.2284820031298,6.24088,Miscellaneous,Neutral,Sell,Investment trusts/Mutual funds
VAL,Valaris Limited,44.99,USD,-3.184850441144818,1223685,1.0422951113741368,3199616618,USD,3.0898451986868674,14.5606,USD,1755.7991333163397,0,Industrial services,Buy,Neutral,Contract drilling
COLL,"Collegium Pharmaceutical, Inc.",33.34,USD,14.413177762525747,1233183,3.424297463702419,1075222890,USD,14.384950597575184,2.3177,USD,1442.049234863606,0,Health technology,Buy,Strong buy,Pharmaceuticals: major
TLN,Talen Energy Corporation,215.59,USD,1.3515737019016054,1001492,1.853006473825404,10963900000.000002,USD,11.541035208214002,18.6803,USD,1283.7259259259258,0,Utilities,Strong buy,Strong buy,Alternative power generation
QSG,QuantaSing Group Limited,2,USD,1.52284263959391,49603,0.4524698250069326,102423451,USD,2.000200020002,0.9999,USD,1281.0773480662983,0,Commercial services,Neutral,Sell,Miscellaneous commercial services
KUASF,KUAISHOU TECHNOLOGY,5.39,USD,0.40983606557375846,350,0.16315495058735782,23327220017.18627,USD,11.384779237048786,0.473439132,USD,1226.8673245150007,0,Technology services,Strong buy,Sell,Information technology services
NNGPF,NN Group NV,44.2425,USD,1.7068965517241372,497,0.7339043118724158,12116214855.723475,USD,9.734603429095065,4.544869272000001,USD,1043.7760132535066,8.02867,Finance,Buy,Sell,Life/Health insurance
ZEOOF,Zeon Corp.,9.35,USD,2.7472527472527473,200,0.1195457262402869,1975453436.278947,USD,8.583543894917483,1.0892936663999997,USD,881.468100792986,4.10116,Process industries,Buy,Neutral,Industrial specialties
WGXRF,Westgold Resources Limited,1.837,USD,4.97142857142857,60035,1.1351990167344237,1732492522.0348122,USD,13.932131332445682,0.13185348,USD,838.2852995175268,0.767918,Non-energy minerals,Strong buy,Buy,Precious metals
MNSAF,MINEROS SA,1.1617,USD,5.609090909090896,1060,0.287216170812334,348204933.21226615,USD,4.2953493735795885,0.27045529919999994,USD,835.732197135553,6.53986,Non-energy minerals,Strong buy,Buy,Precious metals
NNGRY,NN Group NV,21.55,USD,-2.400362318840569,37678,1.0313556422363648,11824664507.58999,USD,9.394481014865514,2.2939,USD,809.9166997223323,6.7364,Finance,Buy,Sell,Life/Health insurance
SGCFF,Sagicor Finl Co Ltd.,4.3975,USD,-0.5090497737556553,25888,3.6444006475681,610080876.1690476,USD,1.1924500182337743,3.687785595,USD,796.2249662741727,5.22048,Finance,Strong buy,Sell,Multi-line insurance
SITC,SITE Centers Corp.,14.95,USD,-1.320132013201327,1128453,1.4407516172264645,783830890,USD,1.0903256390621012,13.7115,USD,740.0624923416248,13.913,Finance,Neutral,Sell,Real estate investment trusts
SPRO,"Spero Therapeutics, Inc.",1,USD,-4.761904761904765,159357,0.6165937891399911,54518166,USD,12.594458438287154,0.0794,USD,727.0833333333334,0,Health technology,Buy,Sell,Biotechnology
HNTIF,Hunting Group Plc.,3.9,USD,6.8493150684931505,15000,2.1233826901843096,633273414.8086523,USD,5.102912997884842,0.7642693500000001,USD,714.7750558174746,2.73597,Industrial services,Strong buy,Sell,Oilfield services/Equipment
VCV,Invesco California Value Municipal Income Trust,11.25,USD,0.2673796791443793,84258,0.5901775758017247,538768000,USD,10.629251700680273,1.0584,USD,701.8181818181818,4.44622,Miscellaneous,Neutral,Buy,Investment trusts/Mutual funds
BUR,Burford Capital Limited,12.77,USD,-0.8540372670807546,868060,1.3467467067104775,2802017826.4658327,USD,10.467834663887748,1.21992756,USD,695.5085009695347,0.938335,Finance,Strong buy,Sell,Finance/Rental/Leasing
GBLBF,Groupe Bruxelles Lambert SA,68.25,USD,0.9316770186335336,12590,8.189683210824173,8791548292.678307,USD,5.8615302637439415,11.643717072000001,USD,694.8076800388909,2.86033,Finance,Buy,Sell,Financial conglomerates
CEPU,Central Puerto S.A.,15.02,USD,-5.5345911949685584,923128,2.523908185132387,2739433948.5167103,USD,5.812243634393623,2.5842,USD,677.4368231046933,2.35584,Utilities,Neutral,Neutral,Electric utilities
NDEKY,Nitto Denko Corp.,16.97,USD,-0.5275498241500578,45737,1.9294567299174001,11934536722.375488,USD,13.026790512013509,1.3027,USD,638.4920634920635,2.06179,Electronic technology,Neutral,Buy,Electronic equipment/Instruments
PBPB,Potbelly Corporation,9.01,USD,-0.7709251101321617,104646,1.1004097908142503,269733187,USD,7.20742340612751,1.2501,USD,638.3933845245127,0,Consumer services,Buy,Sell,Restaurants
PRU,"Prudential Financial, Inc.",118.43,USD,-0.6293002181574089,1388775,1.5180196482586348,42161080109.00001,USD,10.49660099089757,11.2827,USD,629.5163584637269,4.39078,Finance,Neutral,Sell,Investment managers
BIRMF,"Biorem, Inc.",2.25,USD,0.896860986547086,505,0.062498453008588896,36269382.8990228,USD,10.2231328231672,0.22008909000000001,USD,625.7122950527777,0,Producer manufacturing,Strong buy,Strong buy,Industrial machinery
DX,"Dynex Capital, Inc.",12.5,USD,-0.4777070063694307,1894126,1.1402670563784818,991294003,USD,9.934827531394054,1.2582,USD,610.0451467268623,12.48,Finance,Buy,Sell,Real estate investment trusts
THC,Tenet Healthcare Corporation,130.21,USD,1.094720496894407,1163292,1.2421810555675092,12382581023.999998,USD,4.165453702074569,31.2595,USD,602.6185659698808,0,Health services,Buy,Neutral,Hospital/Nursing management
MAT,"Mattel, Inc.",18.43,USD,0.9309967141292341,2519334,1.2851246117400335,6209066990,USD,11.579542598642876,1.5916,USD,591.0985670864089,0,Consumer durables,Buy,Buy,Recreational products
BCKIF,Babcock International Group Plc,6.25,USD,4.42773600668337,1966,0.3711815126685043,3148275877.2375913,USD,12.467179402192965,0.50131628,USD,576.0132452760168,1.07811,Producer manufacturing,Buy,Neutral,Trucks/Construction/Farm machinery
PBYI,Puma Biotechnology Inc,3.55,USD,-5.080213903743325,954966,0.9535234144263144,174261278.00000003,USD,7.4768323504633525,0.4748,USD,545.1086956521739,0,Health technology,Neutral,Buy,Pharmaceuticals: major
UE,Urban Edge Properties,20.33,USD,-0.049164208456251544,859763,1.2053393306616025,2538634445,USD,9.100675947893816,2.2339,USD,542.6639815880324,3.34481,Finance,Buy,Sell,Real estate investment trusts
RPRX,Royalty Pharma plc,26.2,USD,0.6144393241167441,2225778,0.9584056533144055,15437896306,USD,10.248386465871308,2.5565,USD,538.8055972013995,3.20611,Health technology,Strong buy,Buy,Pharmaceuticals: major
GNK,Genco Shipping & Trading Limited,14.06,USD,0.28530670470756725,292184,0.7498434532669507,601176042,USD,8.932088177371197,1.5741,USD,529.8919567827131,11.1664,Transportation,Buy,Neutral,Marine shipping
JBSAY,JBS S.A.,11.69,USD,0.8628127696289875,34827,0.5546681021645545,12910119140.257599,USD,9.456398640996602,1.2362,USD,492.6174496644295,8.87944,Consumer non-durables,Strong buy,Sell,Food: meat/fish/dairy
REVG,"REV Group, Inc.",33.09,USD,0.9765028989929823,350236,0.7857985659191877,1720340075,USD,7.385666138428231,4.4803,USD,489.4356005788712,0.634633,Consumer durables,Neutral,Strong buy,Motor vehicles
VTN,Invesco Trust for Investment Grade New York Municipals,10.45,USD,-0.143334925943627,24319,0.278322989256886,203543000,USD,10.741083359029705,0.9729,USD,487.1454435727219,5.00574,Miscellaneous,Strong buy,Sell,Investment trusts/Mutual funds
TGB,"Taseko Mines, Ltd.",2.05,USD,0,4941952,2.4387622672734715,624130458.8235294,USD,10.730488471464163,0.191044425,USD,481.91920757988254,0,Non-energy minerals,Strong buy,Buy,Other metals/Minerals
MNXBF,"Monex Group, Inc.",6.2,USD,0,400,1.4700477765527378,1592036938.4783525,USD,7.383471740173068,0.8397133784999999,USD,405.4793026228015,3.17846,Finance,Buy,Neutral,Regional banks
CTXAF,Ampol Ltd.,16,USD,-4.783441840536063,14997,14.553129548762737,3812833585.2459016,USD,8.122639675135026,1.969803,USD,403.1749170061521,6.14754,Energy minerals,Buy,Strong sell,Oil refining/Marketing
TMP,Tompkins Financial Corporation,66.11,USD,0.24260803639120027,48318,1.2525144646523299,951566294,USD,14.234653230842106,4.6443,USD,394.07446808510645,3.69082,Finance,Buy,Sell,Regional banks
CTXAY,Ampol Ltd.,36,USD,-0.5799502899751474,2512,0.18354254650670018,4334972167.21008,USD,9.308820107051432,3.8673,USD,388.7891809908999,6.28787,Energy minerals,Buy,Buy,Oil refining/Marketing
MNDJF,Mandalay Resources Corp.,2.78,USD,0,4811,0.4953308554778794,261298036.6405868,USD,8.86957278857183,0.313431105,USD,382.76601633725085,0,Non-energy minerals,Strong buy,Sell,Precious metals
CWT,California Water Service Group,43.27,USD,-2.4571686203787113,476886,2.00315288466264,2573409263.0000005,USD,12.520616915998726,3.4559,USD,379.45338512763595,2.5884,Utilities,Buy,Sell,Water utilities
SRBIF,Serabi Gold Plc,1.4,USD,-1.75438596491229,1500,0.32680450554478313,106028383.7704918,USD,5.117125146459431,0.27359112,USD,378.2732934607815,0,Non-energy minerals,Buy,Buy,Precious metals
LCSHF,Lancashire Holdings Ltd.,8.31,USD,0,1300,0.4723493932127026,2027722988.2581148,USD,5.593402337610052,1.48567893,USD,360.27175409707917,2.74821,Finance,Buy,Strong buy,Property/Casualty insurance
CPCAY,"Cathay Pacific Airways, Ltd.",6.19,USD,-0.0807102502017739,4239,0.594855531075904,8134604833.149951,USD,8.227006911217439,0.7524,USD,350,5.81676,Transportation,Buy,Buy,Airlines
TRMB,Trimble Inc.,72.54,USD,0.7220216606498338,1153815,1.2187725288567421,17714820332,USD,12.12435233160622,5.983,USD,345.9268092718193,0,Technology services,Buy,Buy,Packaged software
SWRAY,Swire Pacific Ltd.,8.79,USD,-1.2359550561797887,36012,0.8734141295569142,10972868815.358442,USD,3.472935598577637,2.531,USD,344.89365442081214,4.32306,Consumer non-durables,Buy,Sell,Beverages: non-alcoholic
CMCLF,CMOC GROUP LTD,0.7069,USD,-8.456358456358458,4000,0.7019021548396154,19386316957.67125,USD,7.703520914449016,0.091763235,USD,337.7646842070412,3.07192,Distribution services,Strong buy,Sell,Wholesale distributors
BLBD,Blue Bird Corporation,40.29,USD,0.024826216484602807,591790,1.2844602213224434,1300078581.0000002,USD,12.679779701022815,3.1775,USD,335.09516636998507,0,Consumer durables,Strong buy,Sell,Motor vehicles
MITT,"AG Mortgage Investment Trust, Inc.",6.49,USD,0,258618,0.7779009686087972,191518595,USD,2.844619767696691,2.2815,USD,321.875,11.5562,Finance,Buy,Sell,Real estate investment trusts
DCGO,DocGo Inc.,4.25,USD,0.7109004739336553,321713,0.8663649098957658,433714653,USD,14.685556323427782,0.2894,USD,308.1805359661495,0,Health services,Strong buy,Sell,Medical/Nursing services
MRCC,Monroe Capital Corporation,8.45,USD,0.35629453681709455,51382,0.6534041054256626,183080567.99999997,USD,14.078640453182272,0.6002,USD,298.0106100795756,11.8343,Finance,Neutral,Buy,Investment managers
SECYF,SECURE WASTE INFRASTRUCTURE CORP.,11.17,USD,1.4532243415077215,5206,0.2806317718721363,2642893633.544265,USD,6.92889455817617,1.612089765,USD,295.2430598435527,2.49377,Industrial services,Buy,Buy,Environmental services
EXETF,"Extendicare, Inc.",7.1495,USD,-1.11341632088521,1290,0.6019036954087347,596747363.8384615,USD,14.434356445444381,0.49531131,USD,291.8962717851334,4.67381,Health services,Buy,Neutral,Hospital/Nursing management
MFCSF,Medical Facilities Corp.,10.985,USD,4.420152091254752,1177,0.41612161923280894,252916029.93056434,USD,13.675293349203146,0.803273445,USD,289.7342388456537,2.22257,Health services,Neutral,Buy,Hospital/Nursing management
AGNC,AGNC Investment Corp.,9.29,USD,-0.32188841201717955,15327525,0.8505068857402365,8227594000.999999,USD,6.502869942601147,1.4286,USD,289.4765539803708,15.5005,Finance,Buy,Sell,Real estate investment trusts
KLPEF,Klepierre SA,28.71,USD,-1.3232514177693693,277,0.6871743984123047,8136293206.921531,USD,11.344049209077243,2.530842336,USD,288.2694869913672,6.43317,Finance,Neutral,Sell,Real estate development
INTR,Inter & Co. Inc.,4.25,USD,-3.1890660592255053,1299513,0.863715785781752,1709309826,USD,11.988716502115656,0.3545,USD,286.1655773420479,0.000705882,Finance,Buy,Sell,Major banks
TAP.A,Molson Coors Beverage Company,57.55,USD,1.0535557506584623,910,0.7639355271994627,11312757049.264086,USD,12.981593431381393,4.4332,USD,282.56817397307555,3.01913,Consumer non-durables,Neutral,Sell,Beverages: alcoholic
TAP,Molson Coors Beverage Company,55.59,USD,0.7247689798876711,1505335,1.0721536275741275,11459203687,USD,12.539474871424705,4.4332,USD,282.56817397307555,3.16604,Consumer non-durables,Neutral,Sell,Beverages: alcoholic
SCM,Stellus Capital Investment Corporation,13.76,USD,0.14556040756913807,77969,0.6788880268807232,372314472,USD,7.043046527102421,1.9537,USD,281.5075180628783,11.625,Finance,Neutral,Sell,Investment managers
HUWWF,Helios Underwriting PLC,3.26,USD,44.12661921393519,50000,,232578026.66949156,USD,11.354037595029551,0.28712253,USD,275.7564990565601,2.54237,Finance,Strong buy,,Insurance brokers/Services
DRXGF,Drax Group Plc,7.6308,USD,-1.5380645161290347,100,0.11066843736166446,2475840669.18825,USD,3.6343667237672346,2.09962301,USD,271.9717124600885,3.79688,Utilities,Buy,Neutral,Electric utilities
BVN,Buenaventura Mining Company Inc.,12.62,USD,4.125412541254125,1267107,1.6425713884597002,3420035474.83317,USD,8.920619212553897,1.4147,USD,270.14652014652023,0.551688,Non-energy minerals,Buy,Buy,Precious metals
SSEZF,SSE Plc,20.2328,USD,-4.8226550004704025,13922,25.179960209802857,22171133243.03349,USD,8.597000516683437,2.353472,USD,262.22074137733154,3.81679,Utilities,Buy,Strong sell,Electric utilities
EQX,Equinox Gold Corp.,5.8,USD,9.84848484848484,11332151,2.854755948195989,2641296013.005988,USD,11.833402987191606,0.49013796,USD,253.42773110479823,0,Non-energy minerals,Buy,Strong buy,Precious metals
APAJF,APA Group Stapled Security,4.0625,USD,-10.438712522045847,2187,0.26394873094608784,5260741513.561321,USD,7.775401168593511,0.52248108,USD,252.5870229780342,8.12772,Utilities,Buy,Strong sell,Gas distributors
DBMBF,Deutsche Bank Mexico SA,1.578,USD,6.621621621621627,9000,0.7867683054759074,1211155423.71395,USD,2.3758029467192956,0.6641964991999999,USD,252.30413539871418,6.61689,Finance,Buy,Sell,Real estate investment trusts
TGHLF,Tornado Infrastructure Equipment Ltd.,0.6812,USD,-2.662214163133664,13725,0.9741642416069274,93703232.87670103,USD,10.972902793483268,0.0620802,USD,242.8318660309277,0,Consumer durables,Strong buy,Sell,Motor vehicles
VC,Visteon Corporation,84.92,USD,-1.9286291719598125,276380,1.150358201848365,2345395991,USD,4.609855928431064,18.4214,USD,242.2779635823114,0,Producer manufacturing,Buy,Strong sell,Auto parts: OEM
TOPPY,TOPPAN HOLDINGS INC.,13.26,USD,0.45454545454545836,191,0.24022135580430135,7952418024.869275,USD,14.064488756894358,0.9428,USD,240.23818116203532,1.14828,Commercial services,Buy,Buy,Commercial printing/Forms
SSEZY,SSE Plc,19.61,USD,-3.016815034619186,362225,1.5399871605736077,21291336108.768,USD,8.834129200828903,2.2198,USD,239.26333486168426,3.74558,Utilities,Strong buy,Sell,Electric utilities
SUPV,Grupo Supervielle S.A.,18.53,USD,1.1462882096069915,1809226,1.428215067847135,1952464273.317255,USD,10.29787707013449,1.7994,USD,238.93388585420982,0.836222,Finance,Buy,Buy,Major banks
ESOA,Energy Services of America Corporation,11.55,USD,-4.387417218543041,247310,0.835056221356248,191983087,USD,7.633840052875083,1.513,USD,238.55448646229576,0.25974,Industrial services,Strong buy,Sell,Engineering & construction
BMA,Banco Macro S.A.,113.02,USD,-2.4428139835994807,267328,0.9842097454171665,8392671955.009952,USD,5.502862929926382,20.5384,USD,236.42483906370293,7.17067,Finance,Strong buy,Buy,Major banks
JMPLF,Johnson Matthey plc,16.99,USD,1.432835820895513,300,0.543773790103317,2842888834.5018616,USD,4.376279958856064,3.8822927600000003,USD,231.07862312856824,5.73343,Process industries,Buy,Sell,Chemicals: major diversified
JMPLY,Johnson Matthey plc,33.17,USD,-1.6018985464253905,6602,0.7586151424270628,2777544223.104,USD,4.468122364858494,7.4237,USD,217.31994015815346,5.76131,Process industries,Buy,Strong sell,Chemicals: major diversified
AIAGF,Aurubis Ag,79.0108,USD,-4.282355107534364,126,0.4219691895512391,3449535031.7671494,USD,7.447592725305165,10.608904503,USD,211.27917878293775,1.90736,Non-energy minerals,Neutral,Buy,Other metals/Minerals
RMSYF,Ramsay Health Care Ltd.,21.07,USD,0,1000,0.9887284951552304,4828201171.189313,USD,8.297194071684372,2.5394126999999997,USD,205.47444175468524,2.29819,Health services,Neutral,Strong sell,Hospital/Nursing management
AIAGY,Aurubis Ag,36.85,USD,-14.83706956320777,273,0.7651345291479821,3306254035.25928,USD,7.132764260689469,5.1663,USD,205.4632531189026,1.34006,Non-energy minerals,Neutral,Strong sell,Other metals/Minerals
KOS,Kosmos Energy Ltd.,3.75,USD,-3.8461538461538445,6908660,0.876534891745024,1769608040.0000002,USD,8.27084252315836,0.4534,USD,204.49966420416388,0,Energy minerals,Buy,Buy,Integrated oil
ACU,Acme,35.91,USD,-0.13904338153505078,9153,0.9529114134904689,134355573.99999997,USD,7.348066298342541,4.887,USD,196.55925723648278,1.67084,Distribution services,Strong buy,Sell,Wholesale distributors
EW,Edwards Lifesciences Corporation,74.15,USD,0.692558392178171,3447118,0.9305540513268251,43733669995,USD,10.696151404996828,6.9324,USD,196.4337637903019,0,Health technology,Buy,Buy,Medical specialties
H,Hyatt Hotels Corporation,152.34,USD,-0.4899078973153047,469377,1.348748051058391,14630488437.000002,USD,11.481847164962053,13.2679,USD,195.76896497915692,0.393856,Consumer services,Buy,Sell,Hotels/Resorts/Cruise lines
FMC,FMC Corporation,50.31,USD,-1.6037551339722282,1473964,1.1144361873677613,6280478147,USD,4.34009955227357,11.5919,USD,195.1996536620149,4.61141,Process industries,Buy,Neutral,Chemicals: agricultural
SBS,Companhia de saneamento Basico Do Estado De Sao Paulo - Sabesp,14.36,USD,-1.508916323731143,488133,0.859753268726154,9727808242.595,USD,5.641771107531528,2.5453,USD,195.0388315752869,1.48246,Utilities,Strong buy,Sell,Water utilities
EBR.B,Centrais Electricas Brasileiras S.A. Sponsored,6.35,USD,1.762820512820504,21851,0.45837284039705645,13001505853.3716,USD,7.7269408615234845,0.8218,USD,191.625266146203,9.95342,Utilities,Strong buy,Sell,Electric utilities
EBR,Centrais Electricas Brasileiras S A,5.7,USD,0.5291005291005335,3929344,1.8422288145120977,13001505853.3716,USD,6.935994159162814,0.8218,USD,191.625266146203,3.50282,Utilities,Strong buy,Neutral,Electric utilities
EARN,Ellington Credit Company,6.53,USD,-0.9104704097116785,422800,0.7956428579762445,190523188,USD,5.820483109011499,1.1219,USD,191.40259740259737,14.7014,Finance,Neutral,Sell,Real estate investment trusts
BZLYF,Beazley Plc,10.3399,USD,0.5826848249027309,1740,1.9851682829435253,6511578266.3840275,USD,5.300984940730212,1.9505620399999999,USD,183.00601004106173,1.7434,Finance,Strong buy,Buy,Multi-line insurance
RMLRF,Ramelius Resources Ltd.,1.32,USD,4.761904761904765,14511,2.386088958316205,1524630353.2777777,USD,10.329671464799063,0.12778722,USD,181.7513989760686,2.31481,Non-energy minerals,Strong buy,Sell,Precious metals
ALMMF,Aluminum Corporation of China Ltd.,0.54,USD,-5.263157894736828,13463,1.5585783746237556,14465179115.54378,USD,6.479891630292374,0.08333472700000001,USD,180.12309456174543,4.06452,Distribution services,Strong buy,Strong sell,Wholesale distributors
MSADF,"MS&AD Insurance Group Holdings, Inc.",21.34,USD,-0.9285051067780841,5291,5.5776934429685685,33839298039.548607,USD,6.567252940797742,3.2494560803999994,USD,177.43744387619498,3.02938,Finance,Neutral,Sell,Multi-line insurance
UOLGY,UOL Group Ltd.,15.205,USD,1.1643379906853009,3428,0.2627665608854957,3173406008.821,USD,6.164605716602473,2.4665,USD,177.35297424940964,2.84185,Finance,Strong buy,Sell,Real estate development
FBBPF,FIBRA PROLOGIS REIT CTFS,2.815,USD,2.737226277372253,2439,0.37733805714992963,4322716210.5087,USD,3.2359052943148865,0.8699265719999999,USD,177.12607648437157,4.68101,Finance,Buy,Sell,Real estate investment trusts
NOAH,Noah Holdings Limited,10.74,USD,-0.37105751391464886,67808,0.4344555658212228,822267432.9031402,USD,2.035980360561885,5.2751,USD,176.79189841536362,9.65075,Finance,Neutral,Sell,Investment managers
GTE,Gran Tierra Energy Inc.,7.62,USD,0.5277044854881272,370228,0.9615352650540836,277826264,USD,5.323831481869629,1.4313,USD,176.63316582914575,0,Energy minerals,Buy,Strong buy,Integrated oil
HCI,"HCI Group, Inc.",114.57,USD,1.4612114771519584,127758,0.9208427544123806,1207253444,USD,9.583357730173732,11.9551,USD,176.19498671595238,1.39653,Finance,Buy,Buy,Property/Casualty insurance
OPRA,Opera Limited,17.8,USD,-2.6258205689277925,312005,0.8506333572706448,3149893347,USD,8.965899360298192,1.9853,USD,173.53265362358778,4.38202,Technology services,Strong buy,Sell,Packaged software
AVAL,Grupo Aval Acciones y Valores S.A.,2.15,USD,-0.9216589861751161,36004,1.0328466106314007,2490275658.024924,USD,12.587822014051522,0.1708,USD,172.8434504792332,5.314,Finance,Neutral,Buy,Major banks
CJPRY,Central Japan Railway Co.,9.14,USD,-1.0822510822510785,227021,0.5981742354617583,18051960293.707394,USD,6.401008473982772,1.4279,USD,172.3960320488363,1.05659,Transportation,Buy,Sell,Other transportation
EGY,"VAALCO Energy, Inc.",4.34,USD,0,644671,0.7164940072199438,450245347.99999994,USD,5.042993260515919,0.8606,USD,171.82564750473784,5.76037,Energy minerals,Strong buy,Sell,Integrated oil
CABO,"Cable One, Inc.",360.95,USD,0.8831996422482372,176652,2.429475189789856,2028381371,USD,10.76643152227409,33.5255,USD,170.2775695133061,3.26915,Consumer services,Neutral,Sell,Cable/Satellite TV
GBX,"Greenbrier Companies, Inc. (The)",60.44,USD,0.41535138727363347,468121,1.8905325360148264,1895348132,USD,12.053286534779833,5.0144,USD,165.3964221445962,1.98544,Producer manufacturing,Neutral,Sell,Trucks/Construction/Farm machinery
AEBZY,Anadolu Efes Biracilik Ve Malt AS,0.9838,USD,3.0157068062827275,143891,1.5357153529911503,2834150144.4461102,USD,3.289200936141759,0.2991,USD,162.1384750219106,1.18918,Consumer non-durables,Strong buy,Sell,Beverages: non-alcoholic
AVACF,Avance Gas Holding Ltd.,7.65,USD,0.13089005235602977,2450,0.10298920925305499,586196297.8398393,USD,1.9725843898908753,3.878161076,USD,161.76991474674037,95.8159,Transportation,Neutral,Neutral,Marine shipping
SCBFF,Standard Chartered PLC,12.15,USD,1.7076845806127627,3211,0.3660385531730561,29414790520.392067,USD,7.656007890565288,1.58698896,USD,157.90496988934467,2.36744,Finance,Neutral,Neutral,Major banks
EZPW,"EZCORP, Inc.",11.89,USD,-2.2203947368421018,291758,0.8766413852326859,647594200,USD,10.780669144981413,1.1029,USD,154.2415859843246,0,Finance,Buy,Sell,Finance/Rental/Leasing
ETTYF,Essity Aktiebolag Publ,24.98,USD,-5.127231295100638,2055,2.3828849721706864,17539504825.83204,USD,8.536206638257296,2.9263584000000002,USD,152.1671656310983,2.59197,Consumer non-durables,Buy,Sell,Household/Personal care
CSL,Carlisle Companies Incorporated,372.79,USD,1.9053086217265398,342249,1.205801392568155,16897627508.000002,USD,10.282387078267393,36.2552,USD,152.1644780770087,0.992516,Producer manufacturing,Buy,Neutral,Building products
TKOMF,"Tokio Marine Holdings, Inc.",34.12,USD,-10.516653553632322,388,0.5862798428528256,66629612636.71972,USD,8.176017680347808,4.1731807995,USD,151.0292688599038,2.61814,Finance,Buy,Sell,Property/Casualty insurance
LAUR,"Laureate Education, Inc.",18.68,USD,2.1881838074398168,557375,1.4885164908532513,2814794660,USD,11.7632241813602,1.588,USD,149.685534591195,0,Commercial services,Buy,Strong buy,Miscellaneous commercial services
COLZF,Coca Cola Icecek Sanayi As,1.6,USD,-1.8404907975460003,250,0.02443959997262765,4476925661.618214,USD,5.941472779699471,0.2692935000000001,USD,148.59972341343885,1.2518,Consumer non-durables,Strong buy,Sell,Beverages: non-alcoholic
TNEYF,"Tamarack Valley Energy, Ltd.",3.3922,USD,-0.9576642335766405,35810,0.20412060272863816,1796113327.95456,USD,11.841967371019708,0.28645578,USD,146.61175458161733,3.07771,Energy minerals,Strong buy,Buy,Integrated oil
WTM,"White Mountains Insurance Group, Ltd.",1871.46,USD,-1.226579405710667,11775,1.1056130401307016,4806185964,USD,7.455311988469615,251.0237,USD,145.5527839730798,0.0534342,Finance,Neutral,Sell,Multi-line insurance
GWLLF,"Great Wall Motor Company, Ltd.",1.65,USD,0,3100,0.23209151892668903,25556385274.473686,USD,8.091249046409521,0.20392401599999999,USD,144.13869285268362,2.63246,Consumer durables,Buy,Sell,Motor vehicles
MSADY,"MS&AD Insurance Group Holdings, Inc.",20.845,USD,-3.2602390068453446,45859,0.8512016571509177,33045189297.874218,USD,6.718775181305398,3.1025,USD,143.16168978760092,3.81083,Finance,Neutral,Strong sell,Multi-line insurance
TCLHF,TCL Electronics Holdings Ltd.,0.767,USD,-4.874116333870767,200,0.05577711464985916,1933557359.6627576,USD,13.384234607100645,0.057306228,USD,142.1638730345604,2.53566,Consumer durables,Strong buy,Buy,Electronics/Appliances
NVSEF,Novartis AG,97.35,USD,-4.135893648449042,506,0.14542737253549462,192822730700.50134,USD,10.876791894818204,8.950249388,USD,140.88511255432167,3.62797,Health technology,Neutral,Sell,Pharmaceuticals: major
KFY,Korn Ferry,66.08,USD,-0.3017501508750797,304269,1.095808169734678,3408605503.0000005,USD,14.115737081579901,4.6813,USD,136.91988460954502,2.17918,Commercial services,Buy,Sell,Personnel services
HRTG,"Heritage Insurance Holdings, Inc.",11.78,USD,-0.5907172995780615,156789,0.8494563477207454,361459826,USD,4.715772618094475,2.498,USD,136.57543327966664,0,Finance,Buy,Sell,Property/Casualty insurance
ICHHF,ICHINEN HLDGS CO LTD.,12.08,USD,39.4919168591224,100,,289291724.2415176,USD,3.2291286570924496,3.7409472593999995,USD,131.7218420053455,3.41463,Finance,Strong buy,,Finance/Rental/Leasing
NVS,Novartis AG,100.22,USD,1.2527783390583904,1818317,1.860446818198091,197642051116.752,USD,11.689235685876575,8.5737,USD,130.62459651387994,3.19161,Health technology,Neutral,Buy,Pharmaceuticals: major
KLRGF,Keller Group Plc,17.66,USD,0,110,0.07057163020465773,1288766398.9044118,USD,8.21079458565141,2.15082716,USD,129.14113165077381,3.52206,Industrial services,Strong buy,Sell,Engineering & construction
PDD,PDD Holdings Inc.,100.32,USD,-0.29815146094216993,6102627,0.8883867895462846,139321467673,USD,9.864694776589047,10.1696,USD,127.8136200716846,0,Retail trade,Strong buy,Neutral,Department stores
CSYJF,CSE Global Ltd,0.32,USD,-0.6982156710628314,1187,0.7969652208943198,225013910.3255814,USD,10.385975298256001,0.030810779999999996,USD,127.79721016477725,6.39535,Technology services,Strong buy,Sell,Information technology services
PHI,PLDT Inc. Sponsored,22.66,USD,-0.7011393514461005,49333,0.8880428423563296,4844132766.943251,USD,10.430859878475419,2.1724,USD,127.28604310525216,5.46196,Communications,Buy,Buy,Specialty telecommunications
GEBHF,Genting Berhad,0.8718,USD,-5.300890723441229,300,0.08951215873489482,3356932102.254225,USD,11.537940807107944,0.07555941,USD,124.23119496929999,4.0107,Consumer services,Strong buy,Strong sell,Hotels/Resorts/Cruise lines
TKOMY,"Tokio Marine Holdings, Inc.",34.63,USD,-3.7520844913840867,83272,0.7666670349378915,67569990416.732925,USD,8.649499213227765,4.0037,USD,123.82043828264759,2.67879,Finance,Buy,Strong sell,Property/Casualty insurance
CAAP,Corporacion America Airports SA,19.35,USD,-0.15479876160989467,163955,1.2452899549673742,3114799996.9999995,USD,8.942600979757833,2.1638,USD,123.78736167132074,0,Transportation,Buy,Buy,Other transportation
WNDLF,Wendel,95.634,USD,-1.8030598624088716,15,0.16163793103448276,4149054595.232909,USD,8.015163637608985,11.931634128,USD,122.74994060475962,4.28495,Finance,Strong buy,Sell,Financial conglomerates
RNR,RenaissanceRe Holdings Ltd.,253.33,USD,-0.20091396155057945,429593,1.2722243084092555,13157948351,USD,3.6511352057177535,69.3839,USD,122.08391214447126,0.615798,Finance,Buy,Neutral,Property/Casualty insurance
APEMY,Aperam,26.23,USD,1.2741312741312814,355,0.45240219192047915,1850647956.18822,USD,6.065160589173816,4.3247,USD,120.80567752476261,7.09435,Non-energy minerals,Neutral,Sell,Steel
OGN,Organon & Co.,16,USD,1.7811704834605555,3903940,1.4511632028719794,4120622070.0000005,USD,3.173343911146371,5.042,USD,120.59852992649631,7,Health technology,Neutral,Buy,Pharmaceuticals: major
CIM,Chimera Investment Corporation,14.09,USD,-0.3536067892503586,478713,0.846849027034571,1139533492,USD,4.250633522384458,3.3148,USD,117.27844782380701,10.0781,Finance,Neutral,Sell,Real estate investment trusts
INBK,First Internet Bancorp,33.62,USD,-0.44418122594020043,47475,1.6180099244758297,291414567,USD,13.280663638159194,2.5315,USD,116.36752136752138,0.713861,Finance,Buy,Sell,Regional banks
GAILF,Gail India Ltd.,12.97,USD,0,100,0.11026574043444703,14584837202.607113,USD,10.269200316706256,1.263,USD,115.89743589743588,2.52838,Utilities,Buy,Neutral,Gas distributors
NOV,NOV Inc.,14.62,USD,-1.8132975151108215,2139336,0.6937611064604601,5688410484,USD,5.406005028841887,2.7044,USD,114.32873672531305,1.88098,Industrial services,Buy,Sell,Oilfield services/Equipment
ULBI,Ultralife Corporation,7.39,USD,-2.7631578947368416,32952,0.5786209463873067,122873012,USD,13.657364627610422,0.5411,USD,113.70458135860981,0,Producer manufacturing,Strong buy,Strong sell,Electrical products
SLM,SLM Corporation,27.49,USD,-1.5401146131805274,2135174,1.0483729963284159,5836964705,USD,9.554427916029471,2.8772,USD,113.67991088005942,1.67334,Finance,Strong buy,Sell,Finance/Rental/Leasing
TRV,"The Travelers Companies, Inc.",242.77,USD,0.45100959947037544,1373331,1.5261634497160885,55113395510,USD,12.452425650652962,19.4958,USD,110.89536254773209,1.70944,Finance,Neutral,Neutral,Property/Casualty insurance
NURPF,Neuren Pharmaceuticals Ltd.,7.759,USD,2.4966974900924708,300,0.26114206128133705,1009179566.4092295,USD,13.006664394230238,0.59654034,USD,110.75440381558026,0,Health technology,Strong buy,Sell,Pharmaceuticals: generic
AIBRF,AIB Group PLC,5.735,USD,3.392947284921038,2321,0.10730963058856165,13353594800.076368,USD,6.167022205443621,0.9299463840000001,USD,109.84075864271885,4.77412,Finance,Buy,Strong buy,Major banks
FRO,Frontline Plc,15.83,USD,-0.4402515723270458,6185728,2.381153339583526,3524120400,USD,6.439933281803019,2.4581,USD,109.71760088729631,12.3184,Transportation,Strong buy,Neutral,Marine shipping
CETEF,ACT Energy Technologies Ltd.,4.341,USD,0.48611111111110894,285,0.21814006888633755,149436373.9281203,USD,5.067078027959065,0.85670676,USD,108.20136293413117,0,Industrial services,Strong buy,Sell,Contract drilling
MYTAY,Magyar Telekom Telecommunications Plc.,15.925,USD,-2.270635164160791,710,0.8699914226197769,3039543798.88116,USD,7.294338585562478,2.1832,USD,105.76814326107444,2.97256,Communications,Strong buy,Neutral,Major telecommunications
SEPJF,Spectris Plc.,31.3606,USD,-1.164197919949571,314,0.10688270134113963,3099954485.6161,USD,9.25100289823125,3.3899675899999995,USD,105.74207527509323,3.17179,Producer manufacturing,Buy,Neutral,Electrical products
DFYFF,DEFINITY FINL CORP.,39.04,USD,-1.2395648874272753,7501,1.0308244121648549,4522367148.110874,USD,11.40229927598554,3.4238708399999997,USD,104.58156424949527,1.13717,Finance,Neutral,Neutral,Property/Casualty insurance
ADFJF,ADF Group Inc.,6.25,USD,-5.517762660619806,30281,6.314856523189857,186712001.82174885,USD,4.702588584655066,1.3290552400000002,USD,104.4080075835695,0.336323,Industrial services,Strong buy,Sell,Engineering & construction
FRMUF,Firm Capital Property Trust,3.85,USD,3.4946236559139754,237,0.08035805106296409,145040894.0992,USD,5.505009440626482,0.699363015,USD,104.32094604958127,9.20283,Finance,Neutral,Sell,Real estate investment trusts
GTN.A,"Gray Television, Inc.",7.28,USD,0.27548209366391824,8624,0.8919226393629124,385893864,USD,4.845902948811822,1.5023,USD,104.25560842963968,4.3956,Consumer services,Neutral,Buy,Broadcasting
GTN,"Gray Television, Inc.",3.54,USD,-3.2786885245901667,801927,0.5187592865233153,385893864,USD,2.3563868734606936,1.5023,USD,104.25560842963968,9.03955,Consumer services,Neutral,Sell,Broadcasting
ANDE,"The Andersons, Inc.",42.21,USD,1.3688760806916433,384736,1.4414484620805645,1438094817,USD,12.07000085785365,3.4971,USD,103.81746124256908,1.80052,Commercial services,Strong buy,Neutral,Miscellaneous commercial services
PFLT,PennantPark Floating Rate Capital Ltd.,11.02,USD,-0.09066183136899172,643834,0.7889100639782323,917193498,USD,7.714925791094932,1.4284,USD,103.73698473826845,11.1615,Finance,Buy,Buy,Investment managers
NIC,Nicolet Bankshares Inc.,103.82,USD,1.2581683409733657,66520,2.0816969021771445,1579275963.0000002,USD,13.20159711095852,7.8642,USD,103.3248875329645,1.04989,Finance,Buy,Neutral,Major banks
FOX,Fox Corporation,46.61,USD,-0.42725913266396676,1211844,1.5108906600225467,21810399713,USD,11.389961389961389,4.0922,USD,100.8146039846894,1.1371,Consumer services,Buy,Buy,Broadcasting
FOXA,Fox Corporation,48.97,USD,-0.5281332520820599,2251387,1.1160515954514165,21810399713,USD,11.966668295782219,4.0922,USD,100.8146039846894,1.0823,Consumer services,Buy,Buy,Broadcasting
PSIX,"Power Solutions International, Inc.",32.55,USD,-7.685762904140672,273750,0.7748646640484025,748637441,USD,13.773113866204035,2.3633,USD,100.12702176306207,0,Producer manufacturing,Strong buy,Buy,Industrial machinery
TUIFF,TUI AG,8.47,USD,0.23668639053256038,500,0.513136288998358,4297940924.344034,USD,7.613351258871497,1.112519272,USD,99.55170969301876,0,Consumer services,Buy,Buy,Other consumer services
GGAL,Grupo Financiero Galicia S.A.,71,USD,-1.6892827471614495,929857,1.1548377569800496,12067700466.24142,USD,7.793975586194783,9.1096,USD,97.65236824404955,3.53539,Finance,Strong buy,Buy,Regional banks
STNE,StoneCo Ltd.,7.97,USD,-3.975903614457842,5775948,1.3855485457906207,2378543333,USD,6.512502042817454,1.2238,USD,97.57830158217632,0,Technology services,Buy,Strong sell,Packaged software
GOGL,Golden Ocean Group Limited,8.99,USD,0.3348214285714214,1767857,1.6617913397687836,1798254279,USD,7.433438068463701,1.2094,USD,96.97068403908796,13.3482,Transportation,Buy,Neutral,Marine shipping
BRY,Berry Corporation (bry),4.55,USD,4.1189931350114355,1854571,1.9228959145028912,350072444.00000006,USD,4.2298038486566885,1.0757,USD,96.11668185961716,12.7473,Energy minerals,Neutral,Buy,Oil & gas production
NMR,Nomura Holdings Inc,5.76,USD,-0.518134715025911,634126,1.5845274898375508,16975061976.183573,USD,9.7643668418376,0.5899,USD,96.11037234042553,4.31464,Finance,Buy,Sell,Investment banks/Brokers
PLOW,"Douglas Dynamics, Inc.",24.04,USD,1.8212621770436244,178248,1.490284407144416,555180924,USD,10.434933587985068,2.3038,USD,94.10228325890974,4.90849,Producer manufacturing,Buy,Neutral,Trucks/Construction/Farm machinery
GEBHY,Genting Berhad,4.245,USD,-1.736111111111115,5598,0.21444660670231838,3192735843.1302004,USD,12.705776713558814,0.3341,USD,92.8983833718245,3.43564,Consumer services,Strong buy,Buy,Hotels/Resorts/Cruise lines
ACGL,Arch Capital Group Ltd.,92.66,USD,0.4444444444444407,1698097,1.299711905997462,34862574194,USD,6.221422480646178,14.8937,USD,90.58325229052568,0,Finance,Buy,Neutral,Multi-line insurance
NXT,Nextracker Inc.,42.53,USD,-3.1648451730418956,2803494,1.3546015165481347,6190175834,USD,11.575308910783301,3.6742,USD,89.88113695090438,0,Electronic technology,Buy,Buy,Electronic equipment/Instruments
CGECF,Cogeco Inc.,42.04,USD,2.038834951456302,2128,2.055840015457444,405382420.43209267,USD,6.674795564221739,6.29832024,USD,89.8776574156934,5.76344,Communications,Buy,Buy,Major telecommunications
GLAD,Gladstone Capital Corporation,28.8,USD,0.5586592178770954,99322,0.8672032298566158,643099696,USD,6.677641494122285,4.3129,USD,89.51970822164608,6.875,Finance,Neutral,Buy,Investment managers
IDGXF,Integrated Diagnostics Holdings PLC.,0.41905,USD,22.888563049853357,4000,0.09506200419223437,243604762.3295652,USD,10.744871794871795,0.039,USD,89.32038834951456,0,Health services,Strong buy,Neutral,Hospital/Nursing management
BSAC,Banco Santander - Chile,18.63,USD,-0.9569377990430608,121304,0.8108881372247551,8732645997.340693,USD,9.629399906962318,1.9347,USD,87.5436215587437,3.05391,Finance,Neutral,Sell,Regional banks
GBLI,"Global Indemnity Group, LLC",36,USD,-0.9900990099009885,1957,0.36244096675618115,492762341.99999994,USD,12.433085822828525,2.8955,USD,87.22922728742323,3.88889,Finance,Neutral,Buy,Property/Casualty insurance
MGRC,McGrath RentCorp,111.66,USD,0.9949348769898645,103855,1.1218689642358697,2741385261.9999995,USD,12.199945370117455,9.1525,USD,85.91306114158034,1.69264,Finance,Strong buy,Neutral,Finance/Rental/Leasing
IVSBF,Investors AB,26.53,USD,-1.485332343111766,1521,0.28731723903434203,81255095344.88963,USD,4.047840130180248,6.5541126,USD,85.61012267253322,1.59787,Finance,Buy,Sell,Financial conglomerates
IVSXF,Investors AB,26.85,USD,0.5241482590789988,600,1.4398848092152627,82262563762.04396,USD,4.0966644363113325,6.5541126,USD,85.61012267253322,1.5984,Finance,Buy,Neutral,Financial conglomerates
BWAGF,BAWAG Group AG,81.87,USD,-4.021101992965994,183,0.42947664867402013,6434981632.874491,USD,9.034005814618505,9.062424984,USD,85.12311938597132,6.17665,Finance,Strong buy,Buy,Savings banks
PDS,Precision Drilling Corporation,64.12,USD,-3.2443036064584154,66099,1.1263508746817712,901993303.1304537,USD,5.286860837143618,12.128180024999999,USD,85.03927186650448,0,Industrial services,Strong buy,Buy,Contract drilling
CINF,Cincinnati Financial Corporation,141.71,USD,-0.4216147846251102,700619,1.562978797069907,22151415182.000004,USD,7.282491392157871,19.459,USD,84.06863672480986,2.28636,Finance,Buy,Sell,Multi-line insurance
SKWD,"Skyward Specialty Insurance Group, Inc.",45.61,USD,0.19771528998241716,329165,1.145558869089278,1828957822.9999998,USD,13.939486552567239,3.272,USD,83.83055227821787,0,Finance,Buy,Sell,Multi-line insurance
MEQYF,Mainstreet Equity Corp.,140.44,USD,-3.1448275862068984,268,0.6203703703703703,1308734841.5152297,USD,8.859556355463392,15.851809544999998,USD,83.43306822018518,0.0557965,Finance,Buy,Sell,Real estate development
PR,Permian Resources Corporation,14.99,USD,0,6962889,1.0995589518672122,12042430042,USD,9.11301598881391,1.6449,USD,82.60435168738897,2.13476,Energy minerals,Strong buy,Strong buy,Integrated oil
OCLDF,Orica Ltd.,10.49,USD,8.367768595041328,375,0.6426735218508998,5112411594.354255,USD,13.864475110011206,0.756609963,USD,82.17750611765008,2.83645,Process industries,Buy,Neutral,Industrial specialties
THXPF,THOR EXPLORATION LTD.,0.22,USD,0,40500,0.4448066354167124,144342425.09677422,USD,2.686637665634265,0.08188674,USD,81.179223011319,0,Non-energy minerals,Strong buy,Buy,Precious metals
HLNFF,High Liner Foods Inc.,10.79,USD,-2.087114337568062,2629,2.4808908181560816,320243648.43697476,USD,5.7218310466001086,1.88575998,USD,80.55013120800378,4.00776,Consumer non-durables,Buy,Buy,Food: meat/fish/dairy
OPHC,"OptimumBank Holdings, Inc.",4.6,USD,-0.4329004329004429,44275,1.0359608873581185,46414175,USD,3.4643771652357276,1.3278,USD,80.50570962479608,0,Finance,Neutral,Sell,Regional banks
KELYB,"Kelly Services, Inc.",14.22,USD,-2.6694045174537906,391,0.45428139886139185,518311432.89086854,USD,12.23331039229181,1.1624,USD,80.35686578743214,2.22717,Commercial services,Buy,Sell,Personnel services
KELYA,"Kelly Services, Inc.",13.82,USD,-0.5755395683453243,342276,0.5832814994947266,490974332,USD,11.889194769442533,1.1624,USD,80.35686578743214,2.17077,Commercial services,Buy,Sell,Personnel services
CMBT,CMB.TECH NV,10.52,USD,-1.4981273408239715,54219,0.5904858365733329,2050279828.5507812,USD,1.7243587171152337,6.1008187540000005,USD,79.95489177025958,56.4563,Transportation,Buy,Buy,Marine shipping
GCT,GigaCloud Technology Inc,19.58,USD,-2.5385764061722327,1143901,0.9682555671049023,802224950,USD,6.1805555555555545,3.168,USD,78.10760667903527,0,Distribution services,Strong buy,Sell,Wholesale distributors
JBL,Jabil Inc.,153.95,USD,0.7987952596084588,1121432,1.051316052830546,17195146528,USD,14.7638456005754,10.4275,USD,77.70714748287263,0.20786,Producer manufacturing,Buy,Buy,Industrial machinery
NEWT,"NewtekOne, Inc.",12.51,USD,-0.8716323296354948,84641,0.6440084487066723,329076276,USD,7.026510896427769,1.7804,USD,77.34834146827373,6.07514,Finance,Neutral,Sell,Finance/Rental/Leasing
ARCB,ArcBest Corporation,94.61,USD,-0.7031905961377012,222393,0.9948319893284807,2213832654,USD,11.71510296066073,8.0759,USD,75.98387448245805,0.507346,Transportation,Buy,Sell,Trucking
SMTOY,Sumitomo Electric Industries Ltd.,17.59,USD,0.11383039271485244,5226,0.8979535730676302,13913561618.956717,USD,10.325799823891987,1.7035,USD,74.46743138058171,3.15217,Producer manufacturing,Buy,Sell,Electrical products
CADE,Cadence Bank,35.1,USD,1.0653613590555846,1150886,1.2619254723561057,6413927010,USD,10.101882231048178,3.4746,USD,71.97584636705604,2.849,Finance,Buy,Buy,Major banks
PYFRF,"Payfare, Inc.",2.674,USD,-1.3284132841328427,80508,1.03906630133026,128565693.84421591,USD,9.173829732896778,0.29148132,USD,71.64308645942512,0,Commercial services,Neutral,Buy,Miscellaneous commercial services
CWCO,Consolidated Water Co. Ltd.,25.73,USD,1.6996047430830028,94722,1.4064163421178058,407431894.00000006,USD,11.190848990953375,2.2992,USD,71.59489514142845,1.53517,Utilities,Strong buy,Buy,Water utilities
RYAAY,Ryanair Holdings plc,44.5,USD,-1.089130917981778,1013561,1.1071678330462988,21381798693.78714,USD,6.150401503738615,7.2353,USD,71.55830606534833,1.67655,Transportation,Buy,Buy,Airlines
TEL,TE Connectivity plc,143.7,USD,-0.04173622704507671,1425597,1.4776045426070488,42989598590,USD,13.991120457997429,10.2708,USD,70.65098195593659,1.76757,Electronic technology,Buy,Sell,Semiconductors
KNBWF,"Kirin Holdings Co., Ltd.",13.25,USD,1.0678871090770448,200,0.010257251877077093,10756299697.878262,USD,14.275837124142356,0.9281417183999999,USD,70.58930140959718,3.56426,Consumer non-durables,Neutral,Sell,Beverages: alcoholic
AGO,Assured Guaranty Ltd.,88.81,USD,-0.9148722525939899,175453,0.9302822506029897,4520504560,USD,6.871817886380167,12.9238,USD,70.50317950341697,1.39624,Finance,Buy,Sell,Specialty insurance
BEVFF,Diversified Royalty Corp.,2.03,USD,-0.9756097560975618,855,0.20802413566579886,305732546.71672356,USD,13.557598723528704,0.14973153,USD,69.08723301107374,8.50307,Commercial services,Buy,Sell,Miscellaneous commercial services
BMO,Bank Of Montreal,98.44,USD,1.6207288118096346,715308,1.9529186155591787,71828209968.66321,USD,14.428783458903617,6.822474000000001,USD,67.97026433864244,4.32356,Finance,Buy,Buy,Major banks
ACEJF,Acea Spar,19.18,USD,-3.1313131313131364,26800,40.92227821041381,4076668863.151515,USD,9.909888203373606,1.935440603,USD,67.91211827897217,4.7619,Utilities,Buy,Buy,Electric utilities
FSFG,"First Savings Financial Group, Inc.",25.89,USD,-2.559277380504327,9142,0.7176669152568984,178593284,USD,13.047422264778511,1.9843,USD,67.56460057422733,2.3175,Finance,Buy,Sell,Regional banks
SVM,Silvercorp Metals Inc.,3.06,USD,-0.9708737864077607,2953578,1.1610161703052337,665739723.4772727,USD,10.220811104530489,0.299389155,USD,67.03223074491879,0.788091,Non-energy minerals,Strong buy,Sell,Precious metals
OSBGF,OSB GROUP PLC,4.55,USD,-14.150943396226415,1010,0.17160235825815112,1690043268.952721,USD,3.758961136158643,1.21044082,USD,66.60178720361944,8.93348,Finance,Strong buy,Strong sell,Major banks
CBFV,"CB Financial Services, Inc.",27.61,USD,-1.463240542469665,5568,0.6657977495844744,141463179,USD,6.194888824070542,4.4569,USD,65.93692989314567,3.62188,Finance,Neutral,Sell,Regional banks
CCAP,"Crescent Capital BDC, Inc.",18.8,USD,-0.10626992561104981,103775,1.0144808526820324,696757043,USD,7.37949442612655,2.5476,USD,65.06414409744718,8.88298,Finance,Buy,Sell,Investment managers
TOSCF,Tosoh Corp.,13.55,USD,5.038759689922483,165,0.03024581599545396,4311737940.981856,USD,11.165826686122854,1.2135241196999997,USD,64.90448696106415,4.44237,Process industries,Buy,Buy,Chemicals: specialty
NDEKF,Nitto Denko Corp.,16.4,USD,4.060913705583748,219,0.05100614868641699,11562076074.220993,USD,12.030020897785024,1.3632561521999997,USD,64.5708117431325,2.0138,Electronic technology,Buy,Strong buy,Electronic equipment/Instruments
SKSDF,Sakata Seed Corp.,22.32,USD,48.800000000000004,400,,967527861.3248987,USD,9.376634154192054,2.3803850756000005,USD,64.39805579590467,2.0558,Non-energy minerals,Buy,,Forest products
ODERF,"Odakyu Electric Railway Co., Ltd.",9.1,USD,-3.191489361702135,407,0.3107107412779601,3256183728.0290656,USD,5.296329687637328,1.7181709856999998,USD,64.3313572158076,2.35294,Transportation,Neutral,Strong sell,Railroads
SHBI,"Shore Bancshares, Inc.",15.34,USD,-0.7119741100323588,43085,0.5736123666486047,511232727,USD,12.421052631578947,1.235,USD,63.100898045430554,3.12907,Finance,Buy,Sell,Regional banks
PXS,Pyxis Tankers Inc.,3.9,USD,1.5625000000000013,26549,0.9585687722275378,41494191.00000001,USD,1.4028776978417268,2.78,USD,63.0594169746026,0,Transportation,Strong buy,Buy,Marine shipping
YSHLF,"Yangzijiang Shipbuilding Holdings, Ltd.",2.19,USD,1.5769944341372824,500,0.34877232142857145,8651789939.152596,USD,11.574222715632924,0.18921356999999997,USD,62.9569518762863,2.11039,Producer manufacturing,Strong buy,Strong buy,Trucks/Construction/Farm machinery
JAGGF,Jaguar Mining Inc.,1.47,USD,-14.534883720930234,202097,3.0953175925699026,116582887.07943922,USD,3.974105861664214,0.369894525,USD,62.72856464858555,0,Non-energy minerals,Buy,Sell,Precious metals
NEP,"NextEra Energy Partners, LP",18.26,USD,-3.2326444091149944,1077993,0.8140866296504057,1707934142.9999998,USD,8.364252668224086,2.1831,USD,62.60241322806495,19.6878,Utilities,Neutral,Buy,Alternative power generation
BCVVF,BOC Aviation Ltd.,7.23,USD,-7.3076923076922995,1608,6.414040686078979,5017694641.090955,USD,5.208361578309389,1.388152472,USD,62.18526841612958,6.15059,Finance,Strong buy,Strong sell,Finance/Rental/Leasing
BVNKF,Bavarian Nordic A/S,26.25,USD,-2.849740932642485,409,1.2635156008649986,2066540054.0730336,USD,12.107781799802082,2.1680271774,USD,61.61165541469562,0,Health technology,Strong buy,Strong sell,Pharmaceuticals: major
PUODY,Promotora Y Operadora de Infraestructura SA,175.1,USD,-5.351351351351354,2,0.10989010989010989,3704873617.4763803,USD,7.199450687257671,24.3213,USD,61.24226814375784,2.92951,Transportation,Neutral,Sell,Other transportation
GLBS,Globus Maritime Limited,1.37,USD,-3.521126760563368,24837,0.2837262647563475,28197751.000000004,USD,10.043988269794722,0.1364,USD,61.22931442080378,0,Transportation,Strong buy,Neutral,Marine shipping
DSEEY,"Daiwa Securities Group, Inc.",6.625,USD,-0.2259036144578265,5504,0.7709223334967434,8872321068.347824,USD,9.7771546635183,0.6776,USD,60.75919335705813,5.27661,Finance,Neutral,Neutral,Investment banks/Brokers
DNOW,DNOW Inc.,12.96,USD,0.15455950540959315,494185,1.1401278587693535,1371766150,USD,6.87168610816543,1.886,USD,60.14265092977838,0,Distribution services,Buy,Sell,Wholesale distributors
ALKS,Alkermes plc,28.42,USD,-0.4204625087596266,1613974,1.4978597615023608,4598427652.000001,USD,14.47636511817441,1.9632,USD,59.05371465608038,0,Health technology,Buy,Sell,Pharmaceuticals: major
MITSY,"Mitsui & Co., Ltd.",405.71,USD,-2.4829343332371985,15663,0.7567653751938659,59282144910.333466,USD,10.341672062114776,39.2306,USD,58.99892597321013,2.75957,Process industries,Buy,Sell,Chemicals: major diversified
SVYSF,Solvay S.A.,31.25,USD,-4.434250764526002,453,0.6362359550561798,3281497684.0781665,USD,1.8235106923093154,17.137272697,USD,58.43695180466044,5.61016,Process industries,Neutral,Strong sell,Chemicals: specialty
ASBFF,Associated British Foods plc,25.6,USD,-9.700176366843033,300,0.05293806246691371,18592883024.727634,USD,9.881532468816587,2.5906912799999997,USD,58.28599355234279,2.68866,Consumer non-durables,Buy,Sell,Food: major diversified
SZKMF,Suzuki Motor Co.,10.3225,USD,-11.089577950043065,2187,0.14825811962335525,20222680970.765198,USD,8.046677093704023,1.2828276665999998,USD,58.1788693266702,1.97157,Consumer durables,Strong buy,Strong sell,Motor vehicles
ALV,"Autoliv, Inc.",93.48,USD,-1.662108142225961,638675,1.5028386101810653,7361712873.000001,USD,12.184567257559959,7.672,USD,58.15295815295814,2.93111,Producer manufacturing,Buy,Sell,Auto parts: OEM
ESGR,Enstar Group Limited,326.93,USD,-0.02140672782874409,86888,0.8911571463443152,4979800881.000001,USD,4.94900075386241,66.0598,USD,57.932384843609164,0,Finance,Neutral,Buy,Multi-line insurance
UHS,"Universal Health Services, Inc.",190.33,USD,2.3279569892473186,786366,2.1149206789769837,11175170907,USD,12.659970733005188,15.034,USD,57.78757346767422,0.420323,Health services,Buy,Buy,Hospital/Nursing management
G,Genpact Limited,43.51,USD,1.469216417910437,956326,1.0516787693130611,7673478435.000001,USD,11.937227358775274,3.6449,USD,57.719601903937686,1.40198,Commercial services,Neutral,Strong buy,Miscellaneous commercial services
PBKOF,Pollard Banknote Ltd.,16.1,USD,-7.524411257897752,2000,4.0201005025125625,435688881.29637176,USD,12.337726472044704,1.304940585,USD,57.56610371067441,0.815328,Consumer services,Strong buy,Sell,Casinos/Gaming
AFYA,Afya Limited,15.08,USD,0.33266799733866076,149444,1.941196718862643,1360108748,USD,12.441217721310123,1.2121,USD,57.109526895657815,0,Consumer services,Neutral,Sell,Other consumer services
AB,AllianceBernstein Holding L.P.,36.87,USD,1.8789720917380488,206060,0.5286179971775914,4182361516,USD,10.5790198553885,3.4852,USD,57.06881788273468,8.08245,Finance,Buy,Buy,Investment managers
CDEVY,"City Developments, Ltd.",3.73,USD,-1.3749338974087797,7346,1.331786290541888,3399511459.5828,USD,14.022556390977442,0.266,USD,56.93215339233038,1.39167,Finance,Buy,Sell,Real estate development
DTNOF,DNO ASA,1.0052,USD,-1.931707317073153,8000,1.019108280254777,980069993.5764422,USD,12.84171446725106,0.07827615249999999,USD,56.46965772678866,9.71503,Energy minerals,Buy,Buy,Integrated oil
REI,"Ring Energy, Inc.",1.47,USD,3.521126760563384,2531190,1.1500307136470367,291348167.6756757,USD,2.599009900990099,0.5656,USD,56.415929203539825,0,Energy minerals,Buy,Buy,Integrated oil
IPSEY,Ipsen S.A.,30.75,USD,-0.2918287937743186,205,0.22097660881750564,10028300873.68746,USD,13.94115246860407,2.2057,USD,56.28852830723447,0.778293,Health technology,Neutral,Buy,Pharmaceuticals: major
MKL,Markel Group Inc.,1707.73,USD,0.0943661641619656,52990,1.338770271670065,21965335190,USD,7.877470286447594,216.7866,USD,55.34612151712602,0,Finance,Neutral,Sell,Property/Casualty insurance
SBHGF,"SBI Holdings, Inc.",22.38,USD,-13.323005422153376,20,0.010643393113724656,6775220582.885579,USD,10.357626792511077,2.1607266267,USD,54.83194225126892,3.95746,Finance,Buy,Strong sell,Financial conglomerates
KRKKF,Kruk SA Wroclaw,101.21,USD,38.71984649122807,100,,1961618685.3297923,USD,6.570350271939452,15.404049375,USD,54.65385783225942,4.34573,Commercial services,Buy,,Miscellaneous commercial services
SHHPF,Ship Healthcare Holdings Inc,13.84,USD,-2.945301542776998,2500,0.7872280127216047,1305808308.1074393,USD,11.999541768018949,1.1533773761999997,USD,54.54846020981259,2.33645,Distribution services,Strong buy,Buy,Medical distributors
HEGIF,"Hengan International Group Co., Ltd.",2.7,USD,10.20408163265306,100,0.021567527929948666,3137726351.3956833,USD,7.529834438099952,0.358573621,USD,54.473452503707776,7.36369,Consumer non-durables,Buy,Sell,Household/Personal care
CRRNF,Cairn Homes PLC,2.396647,USD,-0.5098531339030707,42469,,1487751805.7288158,USD,13.326473720282147,0.179841048,USD,54.38188237528876,3.05677,Consumer durables,Strong buy,,Homebuilding
SXC,"SunCoke Energy, Inc.",10.18,USD,-0.5859375000000049,1228160,1.249024199843872,856059955,USD,10.091197462331483,1.0088,USD,54.321554229769006,4.3222,Energy minerals,Buy,Sell,Coal
KNBWY,"Kirin Holdings Co., Ltd.",12.625,USD,-0.8248232521602548,186026,1.3105313955208635,10208739911.356173,USD,14.246219814940194,0.8862,USD,54.148547573491044,3.38488,Consumer non-durables,Neutral,Sell,Beverages: alcoholic
WRLD,World Acceptance Corporation,112.85,USD,-0.9044608359676863,17269,0.9822423952858735,648839168.9999999,USD,7.771075211061989,14.5218,USD,54.06601101244469,0,Finance,Neutral,Sell,Finance/Rental/Leasing
FUJHF,Subaru Corporation ,17.54,USD,-1.2387387387387523,10687,1.6780768143705052,12818443756.102987,USD,4.752389703587264,3.690774766799999,USD,53.84850747596237,3.77829,Consumer durables,Neutral,Sell,Motor vehicles
GNZUF,"Guangzhou Automobile Group Co., Ltd.",0.355,USD,-15.61682909436654,4037,1.2306050906873953,8616547644.02131,USD,3.4453126589211123,0.103038544,USD,53.730871507910805,4.68043,Consumer durables,Neutral,Strong sell,Motor vehicles
BFC,Bank First Corporation,96.66,USD,-0.09818614025114865,14834,1.062242208982585,967765404,USD,11.897347529078713,8.1245,USD,53.51838554854312,1.60356,Finance,Neutral,Sell,Regional banks
NXST,"Nexstar Media Group, Inc.",157.53,USD,-2.3312046624093195,281982,1.0843180300144546,4886885906.000001,USD,8.844583934556928,17.8109,USD,53.27928811779793,4.29125,Consumer services,Buy,Sell,Broadcasting
ASC,Ardmore Shipping Corporation,12.56,USD,-1.6444792482380506,594617,0.8258014322370552,525531357.00000006,USD,3.5250203474502544,3.5631,USD,53.23843110270084,8.59873,Transportation,Buy,Buy,Marine shipping
SMFNF,Sumitomo Mitsui Financial Group Inc.,25.4,USD,1.7220664797757297,58,0.15006468305307682,99593288378.90604,USD,12.395604919332378,2.0491133886,USD,53.109373086705716,2.70131,Finance,Buy,Buy,Major banks
EMN,Eastman Chemical Company,88.18,USD,-0.33905967450270924,821936,0.8324054125958417,10221172224,USD,11.796813335295457,7.4749,USD,52.61750173547306,3.69698,Process industries,Buy,Sell,Chemicals: specialty
NTRS,Northern Trust Corporation,102.22,USD,-0.515815085158152,1524561,1.9817996308501535,20261894351,USD,12.726593625498008,8.032,USD,52.47930746449997,2.93485,Finance,Neutral,Sell,Investment managers
EJTTF,easyJet Plc,6.57,USD,-5.194805194805187,17,0.011977735503417178,4966613074.391504,USD,8.289609533399203,0.79255844,USD,52.03506128469879,0.861079,Transportation,Buy,Buy,Airlines
SCS,Steelcase Inc.,11.3,USD,0.8928571428571557,618054,0.9549570067402022,1285057886,USD,11.832460732984295,0.955,USD,51.68360864040659,3.53982,Producer manufacturing,Strong buy,Sell,Office equipment/Supplies
TRMLF,Tourmaline Oil Corp.,47.87,USD,1.205073995771671,37273,0.40044951594309713,17885605833.47366,USD,14.682944841231064,3.26024517,USD,51.545855075622995,1.92084,Energy minerals,Strong buy,Buy,Oil & gas production
ORXCF,ORIX Corp.,24.09,USD,1.8604651162790753,1,0.0015936254980079682,27300445363.76793,USD,9.961936631098846,2.4182045009999995,USD,51.48394018027174,3.59008,Finance,Buy,Strong buy,Finance/Rental/Leasing
KYKOF,"Kyowa Hakko Kogyo Co., Ltd.",15,USD,2.040816326530617,200,0.2385211687537269,7844248352.0484,USD,13.763991675625926,1.0898001359999998,USD,51.17825898276781,2.50648,Health technology,Buy,Sell,Pharmaceuticals: major
VIST,Vista Energy S.A.B. de C.V.,56.49,USD,-1.7565217391304313,839034,1.3017896166702998,5352240365.585251,USD,10.946189470420679,5.1607,USD,51.03014340064386,0,Energy minerals,Strong buy,Buy,Oil & gas production
LFT,"Lument Finance Trust, Inc.",2.47,USD,-4.263565891472863,240786,1.2922168388649298,129161505,USD,7.118155619596543,0.347,USD,50.73848827106864,12.5506,Finance,Neutral,Sell,Real estate investment trusts
WFRD,Weatherford International plc,72.13,USD,-3.5695187165775426,626694,1.0583808964725705,5240388041,USD,10.103655974226081,7.139,USD,50.46262145130357,0.693193,Industrial services,Buy,Sell,Oilfield services/Equipment
POR,Portland General Electric Co,42.67,USD,0.30559473436766,1334105,1.1080233596793463,4499790128,USD,12.757115522602248,3.3448,USD,50.34836157684184,4.62855,Utilities,Buy,Sell,Electric utilities
ASBFY,Associated British Foods plc,24.75,USD,-2.1932424422050967,13272,0.559976372304966,17962729547.088,USD,10.088041085840059,2.4534,USD,49.99999999999999,4.32201,Consumer non-durables,Buy,Sell,Food: major diversified
AX,"Axos Financial, Inc.",68.9,USD,-0.8775715724356198,446065,1.2767988504760106,3933668785,USD,8.339587014936214,8.2618,USD,49.95280964135326,0,Finance,Buy,Sell,Major banks
HOCFF,Hochtief AG,134.3059,USD,-0.8812546125461193,2,0.09174311926605504,10107460181.379389,USD,12.587996509668931,10.669362666,USD,49.62117194373651,3.33586,Industrial services,Buy,Buy,Engineering & construction
BPIRY,PIRAEUS FINL HLDGS S A,4.44,USD,3.61726954492416,31635,0.21718728223773962,5390596350.537091,USD,4.6697517879680275,0.9508,USD,49.215317011927176,1.33363,Finance,Buy,Strong buy,Regional banks
UNM,Unum Group,72.95,USD,-0.5724410522011745,1197375,1.3676023832916482,13321537015,USD,7.897072832770417,9.2376,USD,49.1089876033058,2.15216,Finance,Buy,Buy,Multi-line insurance
WCKGF,WICKES GROUP PLC,2.1,USD,,100,,495911213.4641408,USD,13.570246575257487,0.15475032,USD,49.04381965918107,7.37483,Retail trade,Buy,,Specialty stores
KIROY,Kumba Iron Ore Ltd.,5.745,USD,-3.3641715727502133,3057,1.055448142521751,5396604782.414999,USD,5.127632988218493,1.1204,USD,48.870581982460806,10.2617,Non-energy minerals,Neutral,Sell,Steel
CION,CION Investment Corporation,11.07,USD,-0.2702702702702645,324080,1.3082163966243432,589875363,USD,7.535225648356136,1.4691,USD,48.73949579831933,12.8275,Miscellaneous,Buy,Sell,Investment trusts/Mutual funds
JDCMF,"JD.com, Inc.",17.7561,USD,3.233139534883725,696,0.20158720963911256,50839023040.572395,USD,11.266102649253533,1.576064106,USD,48.23906852961811,2.19882,Retail trade,Strong buy,Sell,Internet retail
NATKY,NATIONAL ATOMIC CO KAZATOMPROM JSC,35.605,USD,-5.9561542525092515,4681,7.399620613341764,9557290237,USD,8.489913682102149,4.1938,USD,47.955547715646524,7.01889,Non-energy minerals,Strong buy,Strong sell,Other metals/Minerals
JD,"JD.com, Inc.",34.72,USD,-0.7432818753573415,5985996,0.8676401965303472,49783374825.14278,USD,11.066135458167329,3.1375,USD,47.52209892796692,2.13134,Retail trade,Strong buy,Sell,Internet retail
XYIGF,Xinyi Glass Holdings Ltd.,0.8973,USD,-5.547368421052629,340,0.22128213472177025,3909709268.972425,USD,4.94881628980233,0.181316086,USD,47.484344071223035,9.64539,Consumer durables,Buy,Strong sell,Home furnishings
GASNY,Naturgy Energy Group SA,4.835,USD,-0.3092783505154574,1890,0.20032858127086756,23536524030.48345,USD,10.826242722794447,0.4466,USD,47.198417930125245,4.38258,Utilities,Neutral,Buy,Electric utilities
CESDF,CES Energy Solutions Corp.,6.73,USD,-1.0294117647058736,9922,1.1236820349041325,1516464689.9825106,USD,11.013891020477754,0.61104654,USD,47.18324291045103,1.23457,Process industries,Buy,Neutral,Chemicals: major diversified
SPTN,SpartanNash Company,18.05,USD,0.16648168701443472,354486,1.1557760764139986,609276022,USD,13.586751975912684,1.3285,USD,47.16960230419853,4.81994,Distribution services,Neutral,Sell,Food distributors
CIG,Comp En De Mn Cemig,1.79,USD,-2.1857923497267775,1665277,1.2592923530716442,5624254502.8264,USD,3.3501778027325475,0.5343,USD,46.78571428571429,10.4146,Utilities,Neutral,Sell,Electric utilities
CIG.C,Comp En De Mn Cemig,2.349,USD,0.38461538461539924,1077,0.4784540204353623,5624254502.8264,USD,4.396406513194835,0.5343,USD,46.78571428571429,7.75094,Utilities,Neutral,Sell,Electric utilities
BYLOF,Big Yellow Group PLC,11.55,USD,-2.1285970918211623,1783,0.16730787275968848,2200210755.204,USD,6.361357630701281,1.8156501599999997,USD,46.74722852933013,4.96703,Finance,Neutral,Strong sell,Real estate investment trusts
PCG,Pacific Gas & Electric Co.,19.25,USD,-3.653653653653656,34090538,2.957666149674667,42224992493,USD,14.986376021798366,1.2845,USD,46.39844996580808,0.285714,Utilities,Buy,Sell,Electric utilities
ZIJMF,Zijin Mining Group Company Ltd.,1.863,USD,-6.381909547738694,4630,0.1341301960966085,55146771248.32797,USD,12.118844058988444,0.153727533,USD,45.751028142905454,2.25319,Non-energy minerals,Strong buy,Sell,Precious metals
VEL,"Velocity Financial, Inc.",18.89,USD,-0.5265929436545439,48109,0.6897733349965087,625539407,USD,10.406566769501984,1.8152,USD,45.5770310369717,0,Finance,Buy,Strong sell,Finance/Rental/Leasing
BIRDF,Bird Construction Inc.,17.02,USD,2.160864345738292,9536,0.7832314869570931,942615802.5010198,USD,13.656861164722518,1.2462600149999998,USD,45.401754448680386,2.3876,Industrial services,Buy,Sell,Engineering & construction
APA,APA Corporation,23.68,USD,0.08453085376162119,4305972,0.8059685786632975,8760355699,USD,3.352255836011268,7.0639,USD,44.909430323917384,4.22297,Energy minerals,Neutral,Buy,Integrated oil
PVH,PVH Corp.,103.81,USD,-1.2837580829212576,870644,1.4537348796087504,5775282126,USD,8.450486385282266,12.2845,USD,44.87463735641672,0.144495,Consumer non-durables,Buy,Sell,Apparel/Footwear
HLTOY,Hellenic Telecommunications Organization S.A.,7.61,USD,-0.846905537459277,1451,1.0201068616422946,6263774204.86671,USD,10.59445913963525,0.7183,USD,44.701853344077364,4.31085,Communications,Buy,Neutral,Wireless telecommunications
MITEF,Mitsubishi Estate Co. Ltd.,14,USD,3.3973412112260037,680,0.6828680457923278,17197957519.53285,USD,14.444397271106444,0.9692339345999998,USD,44.65216722557096,1.93077,Finance,Buy,Sell,Real estate development
XNYIF,Xinyi Solar Holdings Limited,0.3707,USD,-12.837996708205981,100,0.03633588895752335,3365380431.263509,USD,5.41908129716872,0.068406429,USD,44.4965273080058,7.76398,Electronic technology,Buy,Strong sell,Semiconductors
BDGSF,Bank of Ga Group Plc,60.56,USD,0.016515276630892015,166,0.12764321414840446,2686632316.1031423,USD,3.0008986978044097,20.180621239999997,USD,44.464868596388236,5.02887,Finance,Strong buy,Buy,Major banks
CB,Chubb Limited,266.65,USD,-0.7850870665277623,2381977,1.8944855225152075,107486077091,USD,10.919060137752552,24.4206,USD,44.286296683623725,1.34633,Finance,Buy,Sell,Property/Casualty insurance
WES,"Western Midstream Partners, LP",40.09,USD,1.570813275905763,808790,0.9727769432656435,15256468066,USD,10.255819902788438,3.909,USD,44.20097388224878,7.98204,Industrial services,Neutral,Strong buy,Oil & gas pipelines
SOIEF,Stolt-Nielsen Ltd,25.395,USD,0.8138150059547371,2324,2.0427177639096423,1359576610.6897626,USD,3.3530748034159616,7.5736455309999995,USD,43.26932506698278,10.2765,Transportation,Strong buy,Sell,Marine shipping
JCDXF,JC Decaux SA,15.17,USD,-3.3757961783439447,200,0.10946907498631636,3247802244.3127465,USD,11.408688204753851,1.3296883680000002,USD,42.83186407074117,0,Commercial services,Neutral,Sell,Advertising/Marketing services
AIZ,"Assurant, Inc.",205.42,USD,-0.7632850241545954,306369,1.141633946328087,10535452767.000002,USD,14.650985314780078,14.0209,USD,42.78774670550135,1.44095,Finance,Buy,Sell,Property/Casualty insurance
ORANY,Orange,9.83,USD,-0.40526849037486473,239163,0.4810010391792917,26351760207.9837,USD,10.93193950177936,0.8992,USD,42.68486194858775,6.08227,Communications,Buy,Strong sell,Wireless telecommunications
FRBA,First Bank,13.43,USD,-0.29695619896066017,38202,0.9224550507806651,337555043,USD,8.441231929604022,1.591,USD,42.677786745583354,1.78704,Finance,Strong buy,Strong sell,Regional banks
IBDSF,Iberdrola S.A.,14.075,USD,-0.5159739892564348,85822,1.627278174275118,87856695625.57727,USD,11.773628627248677,1.1954683170000002,USD,42.61096509717958,3.27315,Utilities,Buy,Buy,Electric utilities
HY,"Hyster-Yale, Inc.",50.22,USD,0.0996611520829124,100280,1.327921712473433,879306037,USD,5.632949727437916,8.9154,USD,42.473152646382,2.73795,Producer manufacturing,Buy,Sell,Industrial machinery
TCLCF,Transcontinental Inc.,13.08,USD,6.379517876313476,100,0.5847953216374269,1082303877.5539725,USD,12.8833424764353,1.0152644800000001,USD,42.244285536247475,4.93151,Consumer services,Strong buy,Strong buy,Publishing: newspapers
TCLAF,Transcontinental Inc.,12.76,USD,0.20417779173865086,100,0.15363343063450607,1077071843.9306874,USD,12.568153669672357,1.0152644800000001,USD,42.244285536247475,5.03074,Consumer services,Strong buy,Buy,Publishing: newspapers
SYF,Synchrony Financial,65.79,USD,-1.186542505256822,2729306,1.40065616643,25614965824,USD,8.586306804834122,7.6622,USD,41.69841328549766,1.51999,Finance,Buy,Sell,Finance/Rental/Leasing
WDH,Waterdrop Inc.,1.17,USD,-1.6806722689075646,69657,0.11503284423277665,433089759,USD,9.80720871751886,0.1193,USD,41.183431952662716,0,Finance,Strong buy,Neutral,Insurance brokers/Services
WZZAF,Wizz Air Holdings PLC,17.7,USD,-6.793048973143756,2087,1.935633463179373,1830037451.1203008,USD,6.896943424302952,2.56635424,USD,41.109680604056514,0,Transportation,Neutral,Sell,Airlines
LSDAF,Lassonde Industries Inc.,126.86,USD,1.8219760815474724,3,0.03654080389768575,865390738.0528232,USD,10.841457557652832,11.70137865,USD,40.89601903949943,2.05139,Consumer non-durables,Buy,Strong buy,Beverages: non-alcoholic
BRK.B,Berkshire Hathaway Inc. New,451.84,USD,-0.2384527068798112,3933259,1.2515849820201117,974444270036,USD,9.12671641007203,49.5074,USD,40.804828172683386,0,Finance,Buy,Sell,Property/Casualty insurance
BRK.A,Berkshire Hathaway Inc.,677925,USD,-0.09358052346144778,1123,0.7973587049133768,974444270035.9999,USD,9.128935276048864,74261.1246,USD,40.80482489151637,0,Finance,Buy,Sell,Property/Casualty insurance
SGLFF,Sgl Group,4.19,USD,3.7128712871287215,1000,0.4880429477794046,512284769.99247175,USD,6.71762568800311,0.6237322820000001,USD,40.72180439775949,0,Process industries,Strong buy,Sell,Industrial specialties
IBEX,IBEX Limited,21.5,USD,0,105979,0.8796390441242993,360443385.99999994,USD,11.376865276748862,1.8898,USD,40.65197975587973,0,Commercial services,Neutral,Buy,Advertising/Marketing services
CM,Canadian Imperial Bank of Commerce,63.05,USD,0.8799999999999953,2480535,2.806137599824066,59094684577.73262,USD,12.079831419582128,5.2194437,USD,40.64645348064936,4.04141,Finance,Buy,Sell,Regional banks
QFIN,"Qifu Technology, Inc",37.51,USD,1.8463209340211777,791657,1.0874304780036457,5941535301.063731,USD,7.659322483817613,4.8973,USD,40.60983663039423,3.09251,Finance,Strong buy,Neutral,Finance/Rental/Leasing
RCI,"Rogers Communication, Inc.",30.53,USD,-1.6747181964573254,1220396,1.4467450500624743,16594740286.592577,USD,14.65145933489981,2.083751475,USD,39.69598548179114,4.55477,Communications,Buy,Sell,Wireless telecommunications
BGAOF,Proximus Group,4.95,USD,-4.162633107454015,103,0.1514260511614231,1597315500,USD,3.097256260564483,1.598188714,USD,39.66519433268335,16.6667,Communications,Neutral,Strong sell,Major telecommunications
RKWBF,ROCKWOOL A S,344.69,USD,-3.986072423398329,1,0.06060606060606061,7387168603.31808,USD,12.928058977613352,26.662161782900004,USD,39.35178152457194,1.72969,Non-energy minerals,Buy,Neutral,Construction materials
RKWAF,ROCKWOOL A S,347,USD,-8.343586349058267,3,,7484847792.3583,USD,13.01469861391927,26.662161782900004,USD,39.35178152457194,1.74089,Non-energy minerals,Buy,,Construction materials
BBVXF,"Banco Bilbao Vizcaya Argentaria, S.A.",10.163,USD,4.049142564627593,2966,0.08231960322284299,58426404709.83802,USD,5.510634237921122,1.8442523240000002,USD,39.19341325205634,5.56251,Finance,Buy,Neutral,Major banks
EHMEF,GOEASY LTD,120,USD,1.0526315789473684,8571,10.90319297799262,1999137253.8488252,USD,9.910134147899122,12.108816915,USD,38.9073316744625,2.70865,Finance,Buy,Buy,Finance/Rental/Leasing
CALM,"Cal-Maine Foods, Inc.",104.73,USD,1.0127314814814787,1826121,3.6180937079654805,5106726356,USD,8.14683437959441,12.8553,USD,38.884627434880784,2.77189,Process industries,Buy,Buy,Agricultural commodities/Milling
VLVOF,VOLVO CAR AB,2.25,USD,6.6350710900474,2001,0.4556529659569623,6703929162.846274,USD,4.2746571724947655,0.5263580000000001,USD,38.70390046252381,0,Consumer durables,Neutral,Neutral,Motor vehicles
IAFNF,IA FINL CORP INC.,91.945,USD,-0.5031922952061502,305,0.02255766997759025,8592783537.192217,USD,12.575911042979842,7.311199934999999,USD,38.55156528126287,2.569,Finance,Buy,Buy,Investment managers
MATX,"Matson, Inc.",139.21,USD,0.5561976307425673,135573,0.8072555526246686,4623182782,USD,11.579989352498837,12.0216,USD,38.285806310607,0.948208,Transportation,Neutral,Neutral,Marine shipping
LCXEF,LYCOS ENERGY INC.,1.88,USD,-1.0526315789473695,300,0.1732902033271719,100087437.02766798,USD,10.220193803686767,0.183949545,USD,38.06491356191846,0,Miscellaneous,Strong buy,Neutral,Miscellaneous
REX,REX American Resources Corporation,43.85,USD,-0.6344890097439408,135949,1.0763727515362134,770319588.9999999,USD,11.453571894998042,3.8285,USD,37.96893581750693,0,Process industries,Strong buy,Buy,Chemicals: specialty
FUJHY,Subaru Corporation ,8.87,USD,0.5668934240362691,1926969,4.954043883714096,12943501414.210743,USD,5.012715456343599,1.7695,USD,37.85447179806793,3.87133,Consumer durables,Neutral,Buy,Motor vehicles
HOEGF,HOEGH AUTOLINER ASA,9.85,USD,0,11000,1.6638431752178122,1879082037.8492908,USD,2.74628299814372,3.5866660524999996,USD,37.75516061825335,33.2384,Transportation,Buy,Sell,Marine shipping
BSDGF,Bosideng International Holdings Ltd.,0.4263,USD,-13.617021276595743,3152,0.32102663339613996,4905839820.953076,USD,10.43334046266028,0.040859397,USD,37.72126059350314,7.14286,Consumer non-durables,Strong buy,Sell,Apparel/Footwear
IBDRY,Iberdrola S.A.,56.51,USD,-0.7769632588560688,104123,0.9211530890737866,88132750102.08713,USD,12.13311862587225,4.6575,USD,37.70622671633846,3.26083,Utilities,Buy,Buy,Electric utilities
SMFG,Sumitomo Mitsui Financial Group Inc Unsponsored,14.81,USD,0.6798096532970744,834058,0.379039414585704,96215864315.21904,USD,12.641912078531798,1.1715,USD,37.43547630220553,2.56301,Finance,Buy,Buy,Major banks
ACNDF,Ascendas India Trust,0.8399,USD,-0.011904761904760594,8057,0.15516819677877217,1128582235.5075228,USD,8.390761949917572,0.10009818,USD,37.216338444974774,6.17431,Finance,Strong buy,Buy,Real estate investment trusts
BSDGY,Bosideng International Holdings Ltd.,24.7,USD,5.645851154833192,231,0.24537922243467178,5383148229.93684,USD,12.150728059818968,2.0328,USD,36.96267349413825,6.58409,Consumer non-durables,Strong buy,Neutral,Apparel/Footwear
HIG,"Hartford Financial Services Group, Inc. (The)",109.42,USD,0.3669051550174332,1229202,1.2929483624065672,31719871727,USD,10.958766913377467,9.9847,USD,36.94179284617073,1.76385,Finance,Buy,Sell,Multi-line insurance
SBLK,Star Bulk Carriers Corp.,14.86,USD,0.269905533063422,1916808,1.1077838947341532,1765743948.9999998,USD,5.023155190481019,2.9583,USD,36.736769124104455,16.8237,Transportation,Buy,Sell,Marine shipping
AFMJF,Alphamin Resources Corp.,0.772,USD,0,165985,0.6405133522443339,985234470.8464283,USD,13.513379865221543,0.05712856499999999,USD,36.39681559274654,8.03571,Non-energy minerals,Strong buy,Neutral,Other metals/Minerals
GASS,"StealthGas, Inc.",5.79,USD,-1.1945392491467623,90266,0.4123173563745526,212731963,USD,3.168956269498112,1.8271,USD,36.310056699492684,0,Transportation,Strong buy,Buy,Marine shipping
SB,"Safe Bulkers, Inc",3.45,USD,0.8771929824561476,590969,0.876082392829564,368357968,USD,3.847011596788582,0.8968,USD,36.29179331306991,5.7971,Transportation,Buy,Sell,Marine shipping
DAL,"Delta Air Lines, Inc.",61.42,USD,0.39228506047728345,9062399,1.3302348241083364,39633173193.00001,USD,8.530200130550115,7.2003,USD,36.11410423637498,0.814067,Transportation,Strong buy,Buy,Airlines
FNCTF,Orange,10,USD,-0.39840637450198363,175,0.03421911968870378,26588937840.93275,USD,11.227927970776127,0.8906362800000001,USD,36.06784772352931,7.49532,Communications,Buy,Sell,Wireless telecommunications
MLR,"Miller Industries, Inc.",65.13,USD,-0.3061380682687936,68391,0.9923834702876986,745041054,USD,10.804040940231905,6.0283,USD,36.05750784300449,1.1669,Consumer durables,Buy,Sell,Motor vehicles
CZFS,"Citizens Financial Services, Inc.",60.3,USD,0.7855590840715342,12398,1.269727476624029,287011707,USD,10.4629372570794,5.7632,USD,36.04324528480042,3.23433,Finance,Strong buy,Sell,Regional banks
TIMB,TIM S.A.,11.97,USD,-1.1560693641618398,470321,1.2035876211307075,5763271946.493,USD,9.369129618033814,1.2776,USD,35.943817833581626,3.42043,Communications,Buy,Neutral,Wireless telecommunications
KNNGF,KION GROUP AG,32.65,USD,-10.042705606832905,1000,0.43380183931979877,4281223566.86223,USD,11.576458870727372,2.820378871,USD,35.57901123137125,2.0432,Producer manufacturing,Buy,Strong sell,Industrial machinery
IITSF,Intesa Sanpaolo S.p.A.,4.22,USD,6.56565656565656,368,0.07234979553318654,74953710102.9637,USD,7.9692139671178435,0.5295377960000001,USD,35.42556861591426,8.11492,Finance,Strong buy,Strong buy,Major banks
MAKSF,Marks & Spencer Group Plc,4.6195,USD,2.6555555555555643,800,0.033470562640157984,9329875665.865314,USD,14.281135348250718,0.32346868,USD,35.37696593397409,0.796178,Retail trade,Buy,Neutral,Department stores
MZHOF,Mizuho Financial Group Inc.,24.4,USD,-4.500978473581221,26,0.011461823311585257,61845481445.31154,USD,10.719016172546242,2.2763283128999996,USD,35.286494984453924,2.99327,Finance,Buy,Buy,Major banks
IX,Orix Corp,103.51,USD,-3.252640433685382,21764,0.7014535726947497,23509114996.127033,USD,8.937375342134574,11.5817,USD,35.11870734410545,3.72635,Finance,Buy,Strong sell,Finance/Rental/Leasing
BGAOY,Proximus Group,1.01,USD,-8.181818181818189,4901,0.21340242097012976,1677961926.6480002,USD,3.2371794871794872,0.312,USD,34.889753566796365,13.9472,Communications,Neutral,Sell,Major telecommunications
SLRC,SLR Investment Corp.,16.31,USD,-0.06127450980393114,199912,1.1089956952025917,889786053,USD,9.194948697711128,1.7738,USD,34.84871521970504,10.0552,Finance,Neutral,Buy,Investment managers
CIXPF,Caixabank SA,5.455,USD,3.904761904761906,191,0.026000898460365646,39100522494.115105,USD,6.603805388196504,0.8260388790000001,USD,34.61278210918017,8.06569,Finance,Buy,Neutral,Regional banks
TCBX,"Third Coast Bancshares, Inc.",32.27,USD,-0.0928792569659258,67642,1.2095516708628977,441424688,USD,14.12748445845373,2.2842,USD,34.5071251913791,0,Finance,Buy,Sell,Savings banks
ICAGY,International Consolidated Airlines Group SA,7.6,USD,0.13175230566534632,80308,0.7847160744262763,18386171061.48,USD,7.016248153618907,1.0832,USD,34.35871992061522,0.709006,Transportation,Buy,Buy,Airlines
GRBK,"Green Brick Partners, Inc.",55.47,USD,1.667888563049847,284676,0.9932618580412494,2468317717.9999995,USD,7.199688493737426,7.7045,USD,34.18032358626936,0,Consumer durables,Neutral,Sell,Homebuilding
BBVA,Banco Bilbao Vizcaya Argentaria S.A.,10.17,USD,-0.0982318271119822,1102188,0.8381316805742124,58732193093.45136,USD,5.661953011914041,1.7962,USD,33.82506332886306,5.84675,Finance,Buy,Buy,Major banks
HII,"Huntington Ingalls Industries, Inc.",189.66,USD,0.32266596138586895,342127,0.8898663381105579,7421272428,USD,10.708055036444424,17.7119,USD,33.50644847626011,2.76811,Electronic technology,Neutral,Sell,Aerospace & defense
BLIDF,Boliden AB,27.6,USD,-7.93862575050033,500,0.2899727425621992,7548907990.8624525,USD,8.868029455738187,3.1123036,USD,33.43657023676542,2.32342,Non-energy minerals,Neutral,Strong sell,Other metals/Minerals
MXCHF,Orbia Advance Corp S A B,0.73,USD,-3.8588173317529297,1000,0.34562610168319907,1436639980.721831,USD,11.0575565875457,0.06601820159999999,USD,33.40416407728501,11.1274,Producer manufacturing,Buy,Strong sell,Miscellaneous manufacturing
AEOXF,Aeroports de Paris ADP,114.05,USD,1.368767220691487,5,0.013850415512465374,11284346724.85542,USD,13.69553830915063,8.327529552000001,USD,33.065256249688055,3.54032,Transportation,Buy,Sell,Other transportation
BCDRF,Banco Santander S.A.,4.35,USD,-7.446808510638308,1245,0.1790413736571897,65789628954.98413,USD,5.279617012940766,0.8239234,USD,33.00784493149572,3.45661,Finance,Buy,Strong sell,Major banks
DOLE,Dole plc,12.73,USD,0.315208825847131,412410,0.846201654156906,1208738961,USD,6.695418923894178,1.9013,USD,32.828000558893386,2.51375,Distribution services,Buy,Sell,Food distributors
DNGDF,Dynacor Group Inc.,4.115,USD,2.236024844720493,3530,1.4212094371527497,149651464.35570472,USD,8.130781054485835,0.50610144,USD,32.67935347876097,2.34966,Non-energy minerals,Strong buy,Buy,Other metals/Minerals
OGFGF,Origin Energy Ltd.,6.6,USD,0.6097560975609762,1400,0.8000914390216025,11330229345.599998,USD,12.255217352407355,0.5385461399999999,USD,32.67068709398484,5,Utilities,Buy,Buy,Electric utilities
ANNSF,Aena SME S.A.,210.625,USD,0.8692112446721889,9,0.6040268456375839,31593749518.1506,USD,14.615030206726765,14.411533676,USD,32.66655816151231,3.0992,Transportation,Buy,Buy,Other transportation
NCDL,Nuveen Churchill Direct Lending Corp.,16.44,USD,0.18281535648995206,513835,1.8581998604094416,895741968,USD,7.131083542986033,2.3054,USD,32.33453877504163,10.9489,Finance,Buy,Sell,Financial conglomerates
BLX,"Banco Latinoamericano de Comercio Exterior, S.A.",36.75,USD,0.1908396946564893,171951,1.3060905469825268,1258153977.0000002,USD,6.714413607878245,5.4733,USD,32.250036244140524,5.44218,Finance,Strong buy,Buy,Major banks
KRYPF,Kerry Properties Ltd.,1.73,USD,-7.188841201716745,500,0.11050456383848653,2510759029.349462,USD,8.554354278078067,0.20223618799999998,USD,31.70190428692373,9.07258,Finance,Strong buy,Strong sell,Real estate development
GM,General Motors Company,51,USD,-1.8853405155829106,7243663,0.9792012255346465,56079387085.00001,USD,5.444413604628819,9.3674,USD,31.694081259665392,0.941176,Consumer durables,Buy,Sell,Motor vehicles
CIMDF,CIMB Group Holdings BHD,1.56,USD,20,400,0.08707198676505802,16736684260.894932,USD,9.042405752917656,0.17252046,USD,31.392343865002236,4.75896,Finance,Buy,Buy,Regional banks
CGBD,"Carlyle Secured Lending, Inc.",17.95,USD,0.33538289547232375,185869,0.8544436180023003,913767432,USD,10.408210599559318,1.7246,USD,31.188194127491247,10.4178,Finance,Neutral,Neutral,Investment managers
PSZKF,Powszechna Kasa Oszczednosci Bank Polski SA,14.26,USD,1.6393442622950851,346,0.08569659442724459,17825000180.258118,USD,9.10510027721493,1.566155184,USD,30.889165051590915,6.41153,Finance,Strong buy,Buy,Major banks
IMBBF,Imperial Brands PLC,32.008,USD,0,450,0.10640813431071175,26717327819.856407,USD,8.005546457080488,3.998228,USD,30.69822341653871,5.66082,Consumer non-durables,Buy,Sell,Tobacco
HMENF,Hemisphere Energy Corp.,1.29,USD,0.3891050583657678,51148,1.2312121474720046,125244090.27868852,USD,5.879030203380949,0.21942394499999998,USD,30.683848625536385,5.46448,Energy minerals,Strong buy,Neutral,Oil & gas production
CCS,"Century Communities, Inc.",72.24,USD,1.3752455795677654,293903,0.8620496980217056,2263789351.9999995,USD,7.202895516137716,10.0293,USD,30.57624205811894,1.43965,Consumer durables,Buy,Sell,Homebuilding
KUBTF,Kubota Corp.,12,USD,9.090909090909092,230,0.016541050572464185,13804357910.159134,USD,7.965850312087728,1.5064305164999998,USD,29.986934077135345,2.77239,Producer manufacturing,Buy,Sell,Trucks/Construction/Farm machinery
ISNPY,Intesa Sanpaolo S.p.A.,24.6,USD,1.1513157894736887,286475,2.267167676626983,72714061984.77203,USD,7.947533357025168,3.0953,USD,29.869094570781236,6.03163,Finance,Strong buy,Buy,Major banks
CIA,"Citizens, Inc.",4.22,USD,-2.7649769585253483,71946,0.6001156089614462,210605733,USD,9.59963603275705,0.4396,USD,29.828706438275244,0,Finance,Strong buy,Neutral,Life/Health insurance
OSK,Oshkosh Corporation (Holding Company),92.09,USD,-0.6901757791437513,679650,1.5506194606677897,5991835134,USD,8.9392145062028,10.3018,USD,29.81916703421334,1.99805,Consumer durables,Buy,Sell,Motor vehicles
IGIC,International General Insurance Holdings Ltd.,23.98,USD,-0.16652789342214466,50719,0.5006430903080418,1084075200,USD,7.877274817686092,3.0442,USD,29.739174906239345,0.354462,Finance,Strong buy,Buy,Financial conglomerates
CNC,Centene Corporation,63.17,USD,0.8944258105733944,5515634,1.565171188621231,31892320509.000004,USD,10.955221809857445,5.7662,USD,29.609566409674308,0,Health services,Buy,Buy,Managed health care
DLNG,Dynagas LNG Partners LP,5.46,USD,-0.5464480874316985,71790,0.5057813649262922,201134237,USD,4.1884013501073944,1.3036,USD,29.569625285756896,0.897436,Transportation,Strong buy,Buy,Marine shipping
BDOUF,BDO Unibank Inc.,2.7,USD,-10.299003322259125,100,0.10145074566298062,14235096093.759186,USD,10.028736341111822,0.269226342,USD,29.517736035967374,2.55102,Finance,Strong buy,Buy,Major banks
YALA,Yalla Group Limited,3.94,USD,-2.4752475247524774,151530,1.146171900823946,625942490,USD,5.367847411444142,0.734,USD,29.088990502989798,0,Technology services,Buy,Sell,Internet software/Services
EEFT,"Euronet Worldwide, Inc.",99.9,USD,-0.11997600479903053,186861,0.9412481167330815,4388769822,USD,14.432036520709033,6.9221,USD,29.066602028639625,0,Technology services,Buy,Sell,Data processing services
SKHSF,Sekisui House Ltd.,22.77,USD,-6.6037735849056585,321,0.2700656234225139,14870397117.921988,USD,9.972952909343483,2.2831753249999998,USD,28.971910184911636,3.45666,Finance,Buy,Strong sell,Real estate development
NWARF,Norwegian Air Shuttle Asa,0.95,USD,0,1002,0.15022263534279845,915686435.4874777,USD,7.220008086409057,0.1315788,USD,28.77982964146439,0,Transportation,Buy,Sell,Airlines
RCKY,"Rocky Brands, Inc.",22.6,USD,0.2439565313816798,29386,0.9092287366528773,168456200,USD,12.66106442577031,1.785,USD,28.481969337076222,2.74336,Consumer non-durables,Neutral,Sell,Apparel/Footwear
BBWI,"Bath & Body Works, Inc.",36.97,USD,0.3256445047489754,2213525,0.7740798537843142,8007040216.000001,USD,9.014434799570855,4.1012,USD,28.427381474290737,2.16392,Retail trade,Buy,Neutral,Apparel/Footwear retail
JFBHF,Jungfraubahn Holding Ag,182.32,USD,-1.9784946236559176,1,0.002675943270002676,1018668540.7198217,USD,11.6986848737832,15.58465776,USD,28.348676484225987,3.61915,Transportation,Strong buy,Buy,Railroads
WKC,World Kinect Corporation,27.5,USD,1.0657846380007319,433117,0.800927641589055,1597132177,USD,12.233640286489612,2.2479,USD,28.180418543650564,2.47273,Distribution services,Neutral,Neutral,Wholesale distributors
ET,Energy Transfer LP,19.73,USD,1.2314007183170959,9018169,0.7849837357864942,67553871055,USD,14.520164851339418,1.3588,USD,28.152409695369236,6.46224,Industrial services,Strong buy,Strong buy,Oil & gas pipelines
DITTF,Daito Trust Construction Co.,115,USD,-2.3188652000339793,8,0.26755852842809363,7834089851.3793,USD,12.542541196003226,9.168795876599999,USD,28.114894463664402,3.32466,Finance,Neutral,Buy,Real estate development
MSBHF,Mitsubishi Corp.,15.875,USD,-1.4220069547938352,25891,0.8243703632948068,61651717468.26132,USD,8.616898022109053,1.8423103022999996,USD,28.11313951678194,3.34909,Distribution services,Neutral,Strong sell,Wholesale distributors
GCWOF,Grupo Cementos de Chihuahua SAB de CV,9.15,USD,0.9933774834437069,110,0.020328583836927795,3087209954.083951,USD,10.302492159116635,0.888134624,USD,28.071905604455548,0.808427,Non-energy minerals,Strong buy,Buy,Construction materials
RTNTF,Rio Tinto Ltd.,72.62,USD,-0.5205479452054732,385,0.4820936639118457,100553482044.44803,USD,10.846797372397244,6.695063759999999,USD,27.89303437938331,7.89032,Non-energy minerals,Buy,Strong sell,Other metals/Minerals
BABWF,International Consolidated Airlines Group SA,3.62,USD,-5.974025974025973,1000,0.21792189679218968,17551976990.41721,USD,6.646342811311944,0.54466044,USD,27.861442686071264,0.666917,Transportation,Buy,Buy,Airlines
ANYYY,Aena SME S.A.,20.22,USD,-2.601156069364175,18875,0.55985477886107,30982851427.467663,USD,14.401709401709402,1.404,USD,27.81065088757395,2.99794,Transportation,Buy,Strong sell,Other transportation
ASR,"Grupo Aeroportuario del Sureste, S.A. de C.V.",260.65,USD,-2.546175128991252,54336,1.173401516852962,7853219805.72813,USD,10.900430329668492,23.9119,USD,27.687444264667395,2.21799,Transportation,Buy,Sell,Other transportation
FDUS,Fidus Investment Corporation,21.04,USD,0.4775549188156536,114950,0.6047345533592097,713564347,USD,7.614635735224928,2.7631,USD,27.584614674239273,8.17491,Finance,Buy,Buy,Investment managers
SAN,"Banco Santander, S.A. Sponsored",4.66,USD,-0.6396588486140777,2138897,0.6573086484379631,71302198453.45885,USD,5.808301134239063,0.8023,USD,27.5516693163752,3.22084,Finance,Buy,Neutral,Major banks
MTCH,"Match Group, Inc.",31.86,USD,-1.6666666666666643,3461164,1.1442759835124952,7999759522,USD,14.209892511484767,2.2421,USD,27.536973833902174,0,Technology services,Buy,Strong sell,Internet software/Services
SEE,Sealed Air Corporation,33.68,USD,-1.5780245470485073,1139822,1.113055790869076,4906922067,USD,12.416589861751152,2.7125,USD,27.43117542046415,2.3753,Process industries,Buy,Strong sell,Containers/Packaging
MITEY,Mitsubishi Estate Co. Ltd.,13.36,USD,-2.4817518248175174,99253,0.6884179350860583,16467849557.892277,USD,14.336302178345315,0.9319,USD,27.43060303568987,1.96716,Finance,Buy,Sell,Real estate development
BWA,BorgWarner Inc.,31.54,USD,-2.2621629996901267,1543644,0.9863120832245786,6897794254,USD,8.01015873015873,3.9375,USD,27.180232558139533,1.39505,Producer manufacturing,Buy,Strong sell,Trucks/Construction/Farm machinery
PAGS,PagSeguro Digital Ltd.,6.27,USD,-4.566210045662111,4267779,1.2417580153840486,2066644874.0000002,USD,5.183960314179412,1.2095,USD,26.968297291622928,0,Commercial services,Buy,Strong sell,Miscellaneous commercial services
CROX,"Crocs, Inc.",109.68,USD,-1.242571582928143,808473,0.8508205509544347,6392387096,USD,7.9589570921651305,13.7807,USD,26.922155909224877,0,Consumer non-durables,Buy,Sell,Apparel/Footwear
GL,Globe Life Inc.,114.12,USD,2.3589559601758094,734107,1.327171742810634,9579810561,USD,9.657763785924647,11.8164,USD,26.405648267008974,0.828076,Finance,Buy,Buy,Multi-line insurance
AZIHF,Azimut Holding Spa,23.6,USD,-1.3377926421404693,629,0.11915812605376325,3343783555.9330344,USD,5.628889201091889,4.192656696,USD,26.365212207923754,4.02497,Finance,Neutral,Sell,Financial conglomerates
KCDMY,"Kimberly-Clark de Mexico, S.A.B de C.V.",7.18,USD,0.13947001394699843,53776,0.3241318370805954,4402631709.390059,USD,9.755434782608695,0.736,USD,26.308563583319035,6.36262,Consumer non-durables,Buy,Neutral,Household/Personal care
STBFF,Suntory Beverage & Food Ltd,31,USD,2.479338842975207,100,0.18278194114421495,9579000000,USD,13.931297618217583,2.2252054940999995,USD,26.125065774155726,2.31836,Consumer non-durables,Buy,Sell,Beverages: non-alcoholic
NECB,"NorthEast Community Bancorp, Inc.",23.89,USD,0.16771488469601317,156752,1.9610791740427707,334952156,USD,6.6405381365354685,3.5976,USD,25.975208347923523,1.7162,Finance,Neutral,Sell,Major banks
EVGGF,Evolution AB,75.07,USD,-5.956780457250247,541,0.09052423740441409,15902318787.714565,USD,12.385372200645207,6.0611824,USD,25.720169669041947,3.6634,Technology services,Buy,Sell,Packaged software
RSNHF,"Resona Holdings, Inc.",7.608,USD,8.006814310051109,49,0.2149122807017544,17640253166.01491,USD,13.333302649912884,0.5706013130999998,USD,25.653473655727705,1.91816,Finance,Neutral,Buy,Regional banks
JILL,"J. Jill, Inc.",27.1,USD,-0.65982404692082,73209,0.7922040258927973,415724244,USD,9.580033936651583,2.8288,USD,25.612788632326843,0.774908,Retail trade,Buy,Sell,Apparel/Footwear retail
DPMLF,Dundee Precious Metals Inc.,9.545,USD,4.203056768558949,6181,0.23540120271315026,1700955941.2401464,USD,8.572433964035456,1.11345273,USD,25.592648763166125,1.61238,Non-energy minerals,Strong buy,Buy,Precious metals
VOLAF,Volvo AB,25.3,USD,-1.7857142857142891,1000,2.3180343069077423,51403945017.21344,USD,10.15327512550331,2.4918068,USD,25.138285513543856,2.63713,Producer manufacturing,Buy,Neutral,Trucks/Construction/Farm machinery
VOLVF,Volvo AB,25.07,USD,2.035002035002035,252,0.16697588126159554,50990423793.01813,USD,10.060972624362371,2.4918068,USD,25.138285513543856,2.63992,Producer manufacturing,Buy,Buy,Trucks/Construction/Farm machinery
DIN,"Dine Brands Global, Inc. Common Stock",27.38,USD,-2.9766123316796596,690234,1.2621751755063035,417448400,USD,4.551650763041527,6.0154,USD,25.10450679034169,7.45069,Consumer services,Neutral,Sell,Restaurants
ECELF,EUROCELL PLC,2.095,USD,-10.470085470085456,150,0.09946949602122016,213245643.95312503,USD,14.716193812061773,0.14236018,USD,25.035059572069002,3.5625,Producer manufacturing,Strong buy,Sell,Miscellaneous manufacturing